id,current_pos,corrected_direction,prev_target_pos,target_pos,speed_vector
0,[0. 0.],[0. 0.],"[0.0, -0.0]","[0.0, 0.0]",[0. 0.],0.042068767060083445
1,[0. 0.],[0. 0.],"[0.0, -0.0]","[0.0, 0.0]",[0. 0.],0.042068767060083445
2,[0. 0.],[0. 0.],"[0.0, -0.0]","[0.0, 0.0]",[0. 0.],0.08925234374935087
3,[0. 0.],[0. 0.],"[0.0, -0.0]","[0.0, 0.0]",[0. 0.],0.08925234374935087
4,[0. 0.],[0. 0.],"[0.0, -0.0]","[0.0, 0.0]",[0. 0.],0.08925234374935087
5,[0. 0.],[0. 0.],"[0.0, -0.0]","[0.0, 0.0]",[0. 0.],0.1229034911832727
6,[0. 0.],[0. 0.],"[0.0, -0.0]","[0.0, 0.0]",[0. 0.],0.1229034911832727
7,[0. 0.],[0. 0.],"[0.0, -0.0]","[0.0, 0.0]",[0. 0.],0.1229034911832727
8,[0. 0.],[0. 0.],"[0.0, -0.0]","[0.0, 0.0]",[0. 0.],0.1229034911832727
9,[0. 0.],[0. 0.],"[0.0, -0.0]","[0.0, 0.0]",[0. 0.],0.15041539783588576
10,[0. 0.],[0. 0.],"[0.0, -0.0]","[0.0, 0.0]",[0. 0.],0.15041539783588576
11,[0. 0.],[0. 0.],"[0.0, -0.0]","[0.0, 0.0]",[0. 0.],0.15041539783588576
12,[0. 0.],[0. 0.],"[0.0, -0.0]","[0.0, 0.0]",[0. 0.],0.19667317905438608
13,[0. 0.],[0. 0.],"[0.0, -0.0]","[0.0, 0.0]",[0. 0.],0.19667317905438608
14,[0. 0.],[0. 0.],"[0.0, -0.0]","[0.0, 0.0]",[0. 0.],0.19667317905438608
15,[0. 0.],[0. 0.],"[0.0, -0.0]","[0.0, 0.0]",[0. 0.],0.19667317905438608
16,[0. 0.],[0. 0.],"[0.0, -0.0]","[0.0, 0.0]",[0. 0.],0.2059848324487028
17,[0. 0.],[0. 0.],"[0.0, -0.0]","[0.0, 0.0]",[0. 0.],0.2059848324487028
18,[0. 0.],[0. 0.],"[0.0, -0.0]","[0.0, 0.0]",[0. 0.],0.2059848324487028
19,[0. 0.],[0. 0.],"[0.0, -0.0]","[0.0, 0.0]",[0. 0.],0.22814558462948398
20,[0. 0.],[0. 0.],"[0.0, -0.0]","[0.0, 0.0]",[0. 0.],0.22814558462948398
21,[0. 0.],[0. 0.],"[0.0, -0.0]","[0.0, 0.0]",[0. 0.],0.22814558462948398
22,[0. 0.],[0. 0.],"[0.0, -0.0]","[0.0, 0.0]",[0. 0.],0.23666677905357503
23,[0. 0.],[0. 0.],"[0.0, -0.0]","[0.0, 0.0]",[0. 0.],0.23666677905357503
24,[0. 0.],[0. 0.],"[0.0, -0.0]","[0.0, 0.0]",[0. 0.],0.23666677905357503
25,[0. 0.],[0. 0.],"[0.0, -0.0]","[0.0, 0.0]",[0. 0.],0.23666677905357503
26,[0. 0.],[0. 0.],"[0.0, -0.0]","[0.0, 0.0]",[0. 0.],0.2580549119085731
27,[0. 0.],[0. 0.],"[0.0, -0.0]","[0.0, 0.0]",[0. 0.],0.2580549119085731
28,[0. 0.],[0. 0.],"[0.0, -0.0]","[0.0, 0.0]",[0. 0.],0.2580549119085731
29,[0. 0.],[0. 0.],"[0.0, -0.0]","[0.0, 0.0]",[0. 0.],0.2658005437176989
30,[0. 0.],[0. 0.],"[0.0, -0.0]","[0.0, 0.0]",[0. 0.],0.2658005437176989
31,[0. 0.],[0. 0.],"[0.0, -0.0]","[0.0, 0.0]",[0. 0.],0.2658005437176989
32,[0. 0.],[0. 0.],"[0.0, -0.0]","[0.0, 0.0]",[0. 0.],0.2658005437176989
33,[0. 0.],[0. 0.],"[0.0, -0.0]","[0.0, 0.0]",[0. 0.],0.2672451421652404
34,[0. 0.],[0. 0.],"[0.0, -0.0]","[0.0, 0.0]",[0. 0.],0.2672451421652404
35,[0. 0.],[0. 0.],"[0.0, -0.0]","[0.0, 0.0]",[0. 0.],0.2672451421652404
36,[0. 0.],[0. 0.],"[0.0, -0.0]","[0.0, 0.0]",[0. 0.],0.2672451421652404
37,[0. 0.],[0. 0.],"[0.0, -0.0]","[0.0, 0.0]",[0. 0.],0.2672451421652404
38,[0. 0.],[0. 0.],"[0.0, -0.0]","[0.0, 0.0]",[0. 0.],0.2672451421652404
39,[0. 0.],[0. 0.],"[0.0, -0.0]","[0.0, 0.0]",[0. 0.],0.26188201237964037
40,[0. 0.],[0. 0.],"[0.0, -0.0]","[0.0, 0.0]",[0. 0.],0.26188201237964037
41,[0. 0.],[0. 0.],"[0.0, -0.0]","[0.0, 0.0]",[0. 0.],0.26188201237964037
42,[0. 0.],[0. 0.],"[0.0, -0.0]","[0.0, 0.0]",[0. 0.],0.26188201237964037
43,[0. 0.],[0. 0.],"[0.0, -0.0]","[0.0, 0.0]",[0. 0.],0.2684521398011128
44,[0. 0.],[0. 0.],"[0.0, -0.0]","[0.0, 0.0]",[0. 0.],0.2684521398011128
45,[0. 0.],[0. 0.],"[0.0, -0.0]","[0.0, 0.0]",[0. 0.],0.2684521398011128
46,[0. 0.],[0. 0.],"[0.0, -0.0]","[0.0, 0.0]",[0. 0.],0.2684521398011128
47,[0. 0.],[0. 0.],"[0.0, -0.0]","[0.0, 0.0]",[0. 0.],0.26228070250983393
48,[0. 0.],[0. 0.],"[0.0, -0.0]","[0.0, 0.0]",[0. 0.],0.26228070250983393
49,[0. 0.],[0. 0.],"[0.0, -0.0]","[0.0, 0.0]",[0. 0.],0.26228070250983393
50,[0. 0.],[0. 0.],"[0.0, -0.0]","[0.0, 0.0]",[0. 0.],0.26228070250983393
51,[0. 0.],[0. 0.],"[0.0, -0.0]","[0.0, 0.0]",[0. 0.],0.26808596775678595
52,[0. 0.],[0. 0.],"[0.0, -0.0]","[0.0, 0.0]",[0. 0.],0.26808596775678595
53,[0. 0.],[0. 0.],"[0.0, -0.0]","[0.0, 0.0]",[0. 0.],0.26808596775678595
54,[0. 0.],[0. 0.],"[0.0, -0.0]","[0.0, 0.0]",[0. 0.],0.26808596775678595
55,[0. 0.],[0. 0.],"[0.0, -0.0]","[0.0, 0.0]",[0. 0.],0.2675439015232932
56,[0. 0.],[0. 0.],"[0.0, -0.0]","[0.0, 0.0]",[0. 0.],0.2675439015232932
57,[0. 0.],[0. 0.],"[0.0, -0.0]","[0.0, 0.0]",[0. 0.],0.2675439015232932
58,[0. 0.],[0. 0.],"[0.0, -0.0]","[0.0, 0.0]",[0. 0.],0.24220510029173425
59,[0. 0.],[0. 0.],"[0.0, -0.0]","[0.0, 0.0]",[0. 0.],0.24220510029173425
60,[0. 0.],[0. 0.],"[0.0, -0.0]","[0.0, 0.0]",[0. 0.],0.24220510029173425
61,[0. 0.],[0. 0.],"[0.0, -0.0]","[0.0, 0.0]",[0. 0.],0.24220510029173425
62,[0. 0.],[0. 0.],"[0.0, -0.0]","[0.0, 0.0]",[0. 0.],0.21682139619122154
63,[0. 0.],[0. 0.],"[0.0, -0.0]","[0.0, 0.0]",[0. 0.],0.21682139619122154
64,[0. 0.],[0. 0.],"[0.0, -0.0]","[0.0, 0.0]",[0. 0.],0.21682139619122154
65,[0. 0.],[0. 0.],"[0.0, -0.0]","[0.0, 0.0]",[0. 0.],0.19052657744651214
66,[0. 0.],[0. 0.],"[0.0, -0.0]","[0.0, 0.0]",[0. 0.],0.19052657744651214
67,[0. 0.],[0. 0.],"[0.0, -0.0]","[0.0, 0.0]",[0. 0.],0.19052657744651214
68,[0. 0.],[0. 0.],"[0.0, -0.0]","[0.0, 0.0]",[0. 0.],0.11425654891189296
69,[0. 0.],[0. 0.],"[0.0, -0.0]","[0.0, 0.0]",[0.     0.0175],0.41815641435719936
70,[0. 0.],[0. 0.],"[0.0, -0.0]","[0.0, 0.0]",[0.     0.0175],0.3574720280828445
71,[0. 0.],[0. 0.],"[0.0, -0.0]","[0.0, 0.0]",[0.     0.0175],0.3574720280828445
72,[0. 0.],[0. 0.],"[0.0, -0.0]","[0.0, 0.0]",[0.     0.0175],0.3574720280828445
73,[0. 0.],[0. 0.],"[0.0, -0.0]","[0.0, 0.0]",[0.     0.0175],0.3574720280828445
74,[0. 0.],[0. 0.],"[0.0, -0.0]","[0.0, 0.0]",[0.     0.0175],0.29897453899677245
75,[0. 0.],[0. 0.],"[0.0, -0.0]","[0.0, 0.0]",[0.     0.0175],0.29897453899677245
76,[0. 0.],[0. 0.],"[0.0, -0.0]","[0.0, 0.0]",[0.     0.0175],0.29897453899677245
77,[0. 0.],[0. 0.],"[0.0, -0.0]","[0.0, 0.0]",[0.     0.0175],0.29897453899677245
78,[0. 0.],[0. 0.],"[0.0, -0.0]","[0.0, 0.0]",[0.     0.0175],0.24161306636248137
79,[0. 0.],[0. 0.],"[0.0, -0.0]","[0.0, 0.0]",[0.     0.0175],0.24161306636248137
80,[0. 0.],[0. 0.],"[0.0, -0.0]","[0.0, 0.0]",[0.     0.0175],0.24161306636248137
81,[0. 0.],[0. 0.],"[0.0, -0.0]","[0.0, 0.0]",[0.     0.0175],0.14728374955889348
82,[0. 0.],[0. 0.],"[0.0, -0.0]","[0.0, 0.0]",[0.     0.0175],0.14728374955889348
83,[0. 0.],[0. 0.],"[0.0, -0.0]","[0.0, 0.0]",[0.     0.0175],0.14728374955889348
84,[0. 0.],[0. 0.],"[0.0, -0.0]","[0.0, 0.0]",[0.     0.0175],0.14728374955889348
85,[0. 0.],[0. 0.],"[0.0, -0.0]","[0.0, 0.0]",[0.     0.0175],0.05516439815855248
86,[0. 0.],[0. 0.],"[0.0, -0.0]","[0.0, 0.0]",[0.0033 0.0208],0.1574704276689075
87,[0. 0.],[0. 0.],"[0.0, -0.0]","[0.0, 0.0]",[0.0033 0.0208],0.1574704276689075
88,[0. 0.],[0. 0.],"[0.0, -0.0]","[0.0, 0.0]",[0.0033 0.0208],0.1574704276689075
89,[0. 0.],[0. 0.],"[0.0, -0.0]","[0.0, 0.0]",[0.0033 0.0208],0.1574704276689075
90,[0. 0.],[0. 0.],"[0.0, -0.0]","[0.0, 0.0]",[0.0033 0.0208],0.025044144041843665
91,[0. 0.],[0. 0.],"[0.0, -0.0]","[0.0, 0.0]",[0.0033 0.0208],0.12749708704079327
92,[0. 0.],[0. 0.],"[0.0, -0.0]","[0.0, 0.0]",[0.0033 0.0208],0.12749708704079327
93,[0. 0.],[0. 0.],"[0.0, -0.0]","[0.0, 0.0]",[0.0033 0.0208],0.12749708704079327
94,[0. 0.],[0. 0.],"[0.0, -0.0]","[0.0, 0.0]",[0.0033 0.0208],0.054847421716939807
95,[0. 0.],[0. 0.],"[0.0, -0.0]","[0.0, 0.0]",[0.0033 0.0208],0.0864614138394791
96,[0. 0.],[0. 0.],"[0.0, -0.0]","[0.0, 0.0]",[0.0033 0.0208],0.0864614138394791
97,[0. 0.],[0. 0.],"[0.0, -0.0]","[0.0, 0.0]",[0.0033 0.0208],0.0864614138394791
98,[0. 0.],[0. 0.],"[0.0, -0.0]","[0.0, 0.0]",[0.0033 0.0208],0.07164565408071229
99,[0. 0.],[0. 0.],"[0.0, -0.0]","[0.0, 0.0]",[0.0033 0.0208],0.05748630829585655
100,[0. 0.],[0. 0.],"[0.0, -0.0]","[0.0, 0.0]",[0.0033 0.0208],0.05748630829585655
101,[0. 0.],[0. 0.],"[0.0, -0.0]","[0.0, 0.0]",[0.0033 0.0208],0.09400321899906373
102,[0. 0.],[0. 0.],"[0.0, -0.0]","[0.0, 0.0]",[0.0033 0.0208],0.015510413234493762
103,[0. 0.],[0. 0.],"[0.0, -0.0]","[0.0, 0.0]",[0.0033 0.0208],0.015510413234493762
104,[0. 0.],[0. 0.],"[0.0, -0.0]","[0.0, 0.0]",[0.0033 0.0208],0.015510413234493762
105,[0. 0.],[0. 0.],"[0.0, -0.0]","[0.0, 0.0]",[0.0033 0.0208],0.11639216872315296
106,[0. 0.],[0. 0.],"[0.0, -0.0]","[0.0, 0.0]",[0.0033 0.0208],0.00599631379182659
107,[0. 0.],[0. 0.],"[0.0, -0.0]","[0.0, 0.0]",[0.0033 0.0208],0.00599631379182659
108,[0. 0.],[0. 0.],"[0.0, -0.0]","[0.0, 0.0]",[0.0033 0.0208],0.00599631379182659
109,[0. 0.],[0. 0.],"[0.0, -0.0]","[0.0, 0.0]",[0.0033 0.0208],0.00599631379182659
110,[0. 0.],[0. 0.],"[0.0, -0.0]","[0.0, 0.0]",[0.0033 0.0208],0.13780581988426113
111,[0. 0.],[0. 0.],"[0.0, -0.0]","[0.0, 0.0]",[0.0033 0.0208],0.13780581988426113
112,[0. 0.],[0. 0.],"[0.0, -0.0]","[0.0, 0.0]",[0.0033 0.0208],0.027539320920593087
113,[0. 0.],[0. 0.],"[0.0, -0.0]","[0.0, 0.0]",[0.0033 0.0208],0.027539320920593087
114,[0. 0.],[0. 0.],"[0.0, -0.0]","[0.0, 0.0]",[0.0033 0.0208],0.027539320920593087
115,[0. 0.],[0. 0.],"[0.0, -0.0]","[0.0, 0.0]",[0.0033 0.0208],0.15925868129452492
116,[0. 0.],[0. 0.],"[0.0, -0.0]","[0.0, 0.0]",[0.0033 0.0208],0.07398662258213716
117,[0. 0.],[0. 0.],"[0.0, -0.0]","[0.0, 0.0]",[0.0033 0.0208],0.07398662258213716
118,[0. 0.],[0. 0.],"[0.0, -0.0]","[0.0, 0.0]",[0.0033 0.0208],0.17971551135029587
119,[0. 0.],[0. 0.],"[0.0, -0.0]","[0.0, 0.0]",[0.0033 0.0208],0.09455535709319624
120,[0. 0.],[0. 0.],"[0.0, -0.0]","[0.0, 0.0]",[0.0033 0.0208],0.09455535709319624
121,[0. 0.],[0. 0.],"[0.0, -0.0]","[0.0, 0.0]",[0.0033 0.0208],0.09455535709319624
122,[0. 0.],[0. 0.],"[0.0, -0.0]","[0.0, 0.0]",[0.0033 0.0208],0.19374740302823382
123,[0. 0.],[0. 0.],"[0.0, -0.0]","[0.0, 0.0]",[0.0033 0.0208],0.19374740302823382
124,[0. 0.],[0. 0.],"[0.0, -0.0]","[0.0, 0.0]",[0.0033 0.0208],0.21970611679365337
125,[0. 0.],[0. 0.],"[0.0, -0.0]","[0.0, 0.0]",[0.0033 0.0208],0.21970611679365337
126,[0. 0.],[0. 0.],"[0.0, -0.0]","[0.0, 0.0]",[0.0033 0.0208],0.23278752750109263
127,[0. 0.],[0. 0.],"[0.0, -0.0]","[0.0, 0.0]",[0.0033 0.0208],0.23278752750109263
128,[0. 0.],[0. 0.],"[0.0, -0.0]","[0.0, 0.0]",[0.0033 0.0208],0.23278752750109263
129,[0. 0.],[0. 0.],"[0.0, -0.0]","[0.0, 0.0]",[0.0033 0.0208],0.23278752750109263
130,[0. 0.],[0. 0.],"[0.0, -0.0]","[0.0, 0.0]",[0.0033 0.0208],0.2577506394608421
131,[0. 0.],[0. 0.],"[0.0, -0.0]","[0.0, 0.0]",[0.0033 0.0208],0.2577506394608421
132,[0. 0.],[0. 0.],"[0.0, -0.0]","[0.0, 0.0]",[0.0033 0.0208],0.2577506394608421
133,[0. 0.],[0. 0.],"[0.0, -0.0]","[0.0, 0.0]",[0.0033 0.0208],0.2577506394608421
134,[0. 0.],[0. 0.],"[0.0, -0.0]","[0.0, 0.0]",[0.0033 0.0208],0.2698677302188069
135,[0. 0.],[0. 0.],"[0.0, -0.0]","[0.0, 0.0]",[0.0033 0.0208],0.2698677302188069
136,[0. 0.],[0. 0.],"[0.0, -0.0]","[0.0, 0.0]",[0.0033 0.0208],0.2698677302188069
137,[0. 0.],[0. 0.],"[0.0, -0.0]","[0.0, 0.0]",[0.0033 0.0208],0.2698677302188069
138,[0. 0.],[0. 0.],"[0.0, -0.0]","[0.0, 0.0]",[0.0033 0.0208],0.2698677302188069
139,[0. 0.],[0. 0.],"[0.0, -0.0]","[0.0, 0.0]",[0.0033 0.0208],0.2698677302188069
140,[0. 0.],[0. 0.],"[0.0, -0.0]","[0.0, 0.0]",[0.0033 0.0208],0.26389126561263565
141,[0. 0.],[0. 0.],"[0.0, -0.0]","[0.0, 0.0]",[0.0033 0.0208],0.26389126561263565
142,[0. 0.],[0. 0.],"[0.0, -0.0]","[0.0, 0.0]",[0.0033 0.0208],0.26389126561263565
143,[0. 0.],[0. 0.],"[0.0, -0.0]","[0.0, 0.0]",[0.0033 0.0208],0.26389126561263565
144,[0. 0.],[0. 0.],"[0.0, -0.0]","[0.0, 0.0]",[0.0033 0.0208],0.2815256887641771
145,[0. 0.],[0. 0.],"[0.0, -0.0]","[0.0, 0.0]",[0.0033 0.0208],0.2815256887641771
146,[0. 0.],[0. 0.],"[0.0, -0.0]","[0.0, 0.0]",[0.0033 0.0208],0.2815256887641771
147,[0. 0.],[0. 0.],"[0.0, -0.0]","[0.0, 0.0]",[0.0033 0.0208],0.2815256887641771
148,[0. 0.],[0. 0.],"[0.0, -0.0]","[0.0, 0.0]",[0.0033 0.0208],0.2746945708276137
149,[0. 0.],[0. 0.],"[0.0, -0.0]","[0.0, 0.0]",[0.0033 0.0208],0.2746945708276137
150,[0. 0.],[0. 0.],"[0.0, -0.0]","[0.0, 0.0]",[0.0033 0.0208],0.2746945708276137
151,[0. 0.],[0. 0.],"[0.0, -0.0]","[0.0, 0.0]",[0.0033 0.0208],0.27387832177120774
152,[0. 0.],[0. 0.],"[0.0, -0.0]","[0.0, 0.0]",[0.0033 0.0208],0.27387832177120774
153,[0. 0.],[0. 0.],"[0.0, -0.0]","[0.0, 0.0]",[0.0033 0.0208],0.27387832177120774
154,[0. 0.],[0. 0.],"[0.0, -0.0]","[0.0, 0.0]",[0.0033 0.0208],0.2603959268305017
155,[0. 0.],[0. 0.],"[0.0, -0.0]","[0.0, 0.0]",[0.0033 0.0208],0.2603959268305017
156,[0. 0.],[0. 0.],"[0.0, -0.0]","[0.0, 0.0]",[0.0033 0.0208],0.2603959268305017
157,[0. 0.],[0. 0.],"[0.0, -0.0]","[0.0, 0.0]",[0.0033 0.0208],0.2523293915252908
158,[0. 0.],[0. 0.],"[0.0, -0.0]","[0.0, 0.0]",[0.0033 0.0208],0.2523293915252908
159,[0. 0.],[0. 0.],"[0.0, -0.0]","[0.0, 0.0]",[0.0033 0.0208],0.2523293915252908
160,[0. 0.],[0. 0.],"[0.0, -0.0]","[0.0, 0.0]",[0.0033 0.0208],0.2523293915252908
161,[0. 0.],[0. 0.],"[0.0, -0.0]","[0.0, 0.0]",[0.0033 0.0208],0.24445451689648987
162,[0. 0.],[0. 0.],"[0.0, -0.0]","[0.0, 0.0]",[0.0033 0.0208],0.24445451689648987
163,[0. 0.],[0. 0.],"[0.0, -0.0]","[0.0, 0.0]",[0.0033 0.0208],0.24445451689648987
164,[0. 0.],[0. 0.],"[0.0, -0.0]","[0.0, 0.0]",[0.0033 0.0208],0.18680727868497807
165,[0. 0.],[0. 0.],"[0.0, -0.0]","[0.0, 0.0]",[0.0033 0.0208],0.18680727868497807
166,[0. 0.],[0. 0.],"[0.0, -0.0]","[0.0, 0.0]",[0.0033 0.0208],0.18680727868497807
167,[0. 0.],[0. 0.],"[0.0, -0.0]","[0.0, 0.0]",[0.0033 0.0208],0.18680727868497807
168,[0. 0.],[0. 0.],"[0.0, -0.0]","[0.0, 0.0]",[0.0033 0.0208],0.12950401861043384
169,[0. 0.],[0. 0.],"[0.0, -0.0]","[0.0, 0.0]",[0.0033 0.0208],0.12950401861043384
170,[0. 0.],[0. 0.],"[0.0, -0.0]","[0.0, 0.0]",[0.0033 0.0208],0.12950401861043384
171,[0. 0.],[0. 0.],"[0.0, -0.0]","[0.0, 0.0]",[0.0033 0.0208],0.04825970988136131
172,[0. 0.],[0. 0.],"[0.0, -0.0]","[0.0, 0.0]",[0.0033 0.0008],0.15314870127830885
173,[0. 0.],[0. 0.],"[0.0, -0.0]","[0.0, 0.0]",[0.0033 0.0008],0.10159133779445706
174,[0. 0.],[0. 0.],"[0.0, -0.0]","[0.0, 0.0]",[0.0033 0.0008],0.10159133779445706
175,[0. 0.],[0. 0.],"[0.0, -0.0]","[0.0, 0.0]",[0.0033 0.0008],0.10159133779445706
176,[0. 0.],[0. 0.],"[0.0, -0.0]","[0.0, 0.0]",[0.0033 0.0008],0.08236680473190172
177,[0. 0.],[0. 0.],"[0.0, -0.0]","[0.0, 0.0]",[0.0033 0.0008],0.08236680473190172
178,[0. 0.],[0. 0.],"[0.0, -0.0]","[0.0, 0.0]",[0.0033 0.0008],0.08236680473190172
179,[0. 0.],[0. 0.],"[0.0, -0.0]","[0.0, 0.0]",[0.0033 0.0008],0.08236680473190172
180,[0. 0.],[0. 0.],"[0.0, -0.0]","[0.0, 0.0]",[0.0033 0.0008],0.02826901466324895
181,[0. 0.],[0. 0.],"[0.0, -0.0]","[0.0, 0.0]",[0.     0.0008],0.02826901466324895
182,[0. 0.],[0. 0.],"[0.0, -0.0]","[0.0, 0.0]",[0.     0.0008],0.047348080885609524
183,[0. 0.],[0. 0.],"[0.0, -0.0]","[0.0, 0.0]",[0.     0.0008],0.047348080885609524
184,[0. 0.],[0. 0.],"[0.0, -0.0]","[0.0, 0.0]",[0.     0.0008],0.047348080885609524
185,[0. 0.],[0. 0.],"[0.0, -0.0]","[0.0, 0.0]",[0.     0.0008],0.047348080885609524
186,[0. 0.],[0. 0.],"[0.0, -0.0]","[0.0, 0.0]",[0.     0.0008],0.03990796034902355
187,[0. 0.],[0. 0.],"[0.0, -0.0]","[0.0, 0.0]",[0.     0.0008],0.03990796034902355
188,[0. 0.],[0. 0.],"[0.0, -0.0]","[0.0, 0.0]",[0.     0.0008],0.03990796034902355
189,[0. 0.],[0. 0.],"[0.0, -0.0]","[0.0, 0.0]",[0.     0.0008],0.03990796034902355
190,[0. 0.],[0. 0.],"[0.0, -0.0]","[0.0, 0.0]",[0.     0.0008],0.0474683131474876
191,[0. 0.],[0. 0.],"[0.0, -0.0]","[0.0, 0.0]",[0.     0.0008],0.0474683131474876
192,[0. 0.],[0. 0.],"[0.0, -0.0]","[0.0, 0.0]",[0.     0.0008],0.0474683131474876
193,[0. 0.],[0. 0.],"[0.0, -0.0]","[0.0, 0.0]",[0.     0.0008],0.06209995348687586
194,[0. 0.],[0. 0.],"[0.0, -0.0]","[0.0, 0.0]",[0.     0.0008],0.06209995348687586
195,[0. 0.],[0. 0.],"[0.0, -0.0]","[0.0, 0.0]",[0.     0.0008],0.06209995348687586
196,[0. 0.],[0. 0.],"[0.0, -0.0]","[0.0, 0.0]",[0.     0.0008],0.06209995348687586
197,[0. 0.],[0. 0.],"[0.0, -0.0]","[0.0, 0.0]",[0.     0.0008],0.0417204904270079
198,[0. 0.],[0. 0.],"[0.0, -0.0]","[0.0, 0.0]",[0.     0.0008],0.0417204904270079
199,[0. 0.],[0. 0.],"[0.0, -0.0]","[0.0, 0.0]",[0.     0.0008],0.0417204904270079
200,[0. 0.],[0. 0.],"[0.0, -0.0]","[0.0, 0.0]",[0.     0.0008],0.0417204904270079
201,[0. 0.],[0. 0.],"[0.0, -0.0]","[0.0, 0.0]",[0.     0.0008],0.014194790664151915
202,[0. 0.],[0. 0.],"[0.0, -0.0]","[0.0, 0.0]",[0.0067 0.0008],0.31358617682091183
203,[0. 0.],[0. 0.],"[0.0, -0.0]","[0.0, 0.0]",[0.0067 0.0008],0.24789140196936657
204,[0. 0.],[0. 0.],"[0.0, -0.0]","[0.0, 0.0]",[0.0067 0.0008],0.24789140196936657
205,[0. 0.],[0. 0.],"[0.0, -0.0]","[0.0, 0.0]",[0.0067 0.0008],0.24789140196936657
206,[0. 0.],[0. 0.],"[0.0, -0.0]","[0.0, 0.0]",[0.0067 0.0008],0.24789140196936657
207,[0. 0.],[0. 0.],"[0.0, -0.0]","[0.0, 0.0]",[0.0067 0.0008],0.24789140196936657
208,[0. 0.],[0. 0.],"[0.0, -0.0]","[0.0, 0.0]",[0.0067 0.0008],0.18368893287269175
209,[0. 0.],[0. 0.],"[0.0, -0.0]","[0.0, 0.0]",[0.0067 0.0008],0.18368893287269175
210,[0. 0.],[0. 0.],"[0.0, -0.0]","[0.0, 0.0]",[0.0067 0.0008],0.18368893287269175
211,[0. 0.],[0. 0.],"[0.0, -0.0]","[0.0, 0.0]",[0.0067 0.0008],0.14348761622363157
212,[0. 0.],[0. 0.],"[0.0, -0.0]","[0.0, 0.0]",[0.0067 0.0008],0.14348761622363157
213,[0. 0.],[0. 0.],"[0.0, -0.0]","[0.0, 0.0]",[0.0067 0.0008],0.14348761622363157
214,[0. 0.],[0. 0.],"[0.0, -0.0]","[0.0, 0.0]",[0.0067 0.0008],0.11935351706422802
215,[0. 0.],[0. 0.],"[0.0, -0.0]","[0.0, 0.0]",[0.0067 0.0008],0.11935351706422802
216,[0. 0.],[0. 0.],"[0.0, -0.0]","[0.0, 0.0]",[0.0067 0.0008],0.11935351706422802
217,[0. 0.],[0. 0.],"[0.0, -0.0]","[0.0, 0.0]",[0.0067 0.0008],0.11935351706422802
218,[0. 0.],[0. 0.],"[0.0, -0.0]","[0.0, 0.0]",[0.0067 0.0008],0.0848392478645214
219,[0. 0.],[0. 0.],"[0.0, -0.0]","[0.0, 0.0]",[0.0067 0.0008],0.0848392478645214
220,[0. 0.],[0. 0.],"[0.0, -0.0]","[0.0, 0.0]",[0.0067 0.0008],0.0848392478645214
221,[0. 0.],[0. 0.],"[0.0, -0.0]","[0.0, 0.0]",[0.0067 0.0008],0.05802863118503426
222,[0. 0.],[0. 0.],"[0.0, -0.0]","[0.0, 0.0]",[0.0067 0.0008],0.05802863118503426
223,[0. 0.],[0. 0.],"[0.0, -0.0]","[0.0, 0.0]",[0.0067 0.0008],0.05802863118503426
224,[0. 0.],[0. 0.],"[0.0, -0.0]","[0.0, 0.0]",[0.0067 0.0008],0.05802863118503426
225,[0. 0.],[0. 0.],"[0.0, -0.0]","[0.0, 0.0]",[0.0067 0.0008],0.05802863118503426
226,[0. 0.],[0. 0.],"[0.0, -0.0]","[0.0, 0.0]",[0.0067 0.0008],0.020735742057602022
227,[0. 0.],[0. 0.],"[0.0, -0.0]","[0.0, 0.0]",[0.0067 0.0008],0.020735742057602022
228,[0. 0.],[0. 0.],"[0.0, -0.0]","[0.0, 0.0]",[0.0067 0.0008],0.020735742057602022
229,[0. 0.],[0. 0.],"[0.0, -0.0]","[0.0, 0.0]",[0.0067 0.0008],0.020735742057602022
230,[0. 0.],[0. 0.],"[0.0, -0.0]","[0.0, 0.0]",[0.0067 0.0008],0.02645561808250303
231,[0. 0.],[0. 0.],"[0.0, -0.0]","[0.0, 0.0]",[0.0067 0.0008],0.02645561808250303
232,[0. 0.],[0. 0.],"[0.0, -0.0]","[0.0, 0.0]",[0.0067 0.0008],0.02645561808250303
233,[0. 0.],[0. 0.],"[0.0, -0.0]","[0.0, 0.0]",[0.0067 0.0008],0.02645561808250303
234,[0. 0.],[0. 0.],"[0.0, -0.0]","[0.0, 0.0]",[0.0067 0.0008],0.02645561808250303
235,[0. 0.],[0. 0.],"[0.0, -0.0]","[0.0, 0.0]",[0.0067 0.0008],0.057286874857865114
236,[0. 0.],[0. 0.],"[0.0, -0.0]","[0.0, 0.0]",[0.0067 0.0008],0.057286874857865114
237,[0. 0.],[0. 0.],"[0.0, -0.0]","[0.0, 0.0]",[0.0067 0.0008],0.057286874857865114
238,[0. 0.],[0. 0.],"[0.0, -0.0]","[0.0, 0.0]",[0.0067 0.0008],0.057286874857865114
239,[0. 0.],[0. 0.],"[0.0, -0.0]","[0.0, 0.0]",[0.0067 0.0008],0.057286874857865114
240,[0. 0.],[0. 0.],"[0.0, -0.0]","[0.0, 0.0]",[0.0067 0.0008],0.0987544034275656
241,[0. 0.],[0. 0.],"[0.0, -0.0]","[0.0, 0.0]",[0.0067 0.0008],0.0987544034275656
242,[0. 0.],[0. 0.],"[0.0, -0.0]","[0.0, 0.0]",[0.0067 0.0008],0.0987544034275656
243,[0. 0.],[0. 0.],"[0.0, -0.0]","[0.0, 0.0]",[0.0067 0.0008],0.0987544034275656
244,[0. 0.],[0. 0.],"[0.0, -0.0]","[0.0, 0.0]",[0.0067 0.0008],0.0987544034275656
245,[0. 0.],[0. 0.],"[0.0, -0.0]","[0.0, 0.0]",[0.0067 0.0008],0.1416254680263883
246,[0. 0.],[0. 0.],"[0.0, -0.0]","[0.0, 0.0]",[0.0067 0.0008],0.1416254680263883
247,[0. 0.],[0. 0.],"[0.0, -0.0]","[0.0, 0.0]",[0.0067 0.0008],0.1416254680263883
248,[0. 0.],[0. 0.],"[0.0, -0.0]","[0.0, 0.0]",[0.0067 0.0008],0.1416254680263883
249,[0. 0.],[0. 0.],"[0.0, -0.0]","[0.0, 0.0]",[0.0067 0.0008],0.1416254680263883
250,[0. 0.],[0. 0.],"[0.0, -0.0]","[0.0, 0.0]",[0.0067 0.0008],0.1416254680263883
251,[0. 0.],[0. 0.],"[0.0, -0.0]","[0.0, 0.0]",[0.0067 0.0008],0.14247936854185636
252,[0. 0.],[0. 0.],"[0.0, -0.0]","[0.0, 0.0]",[0.0067 0.0008],0.14247936854185636
253,[0. 0.],[0. 0.],"[0.0, -0.0]","[0.0, 0.0]",[0.0067 0.0008],0.14247936854185636
254,[0. 0.],[0. 0.],"[0.0, -0.0]","[0.0, 0.0]",[0.0067 0.0008],0.16260318703645132
255,[0. 0.],[0. 0.],"[0.0, -0.0]","[0.0, 0.0]",[0.0067 0.0008],0.16260318703645132
256,[0. 0.],[0. 0.],"[0.0, -0.0]","[0.0, 0.0]",[0.0067 0.0008],0.16260318703645132
257,[0. 0.],[0. 0.],"[0.0, -0.0]","[0.0, 0.0]",[0.0067 0.0008],0.1660594690339372
258,[0. 0.],[0. 0.],"[0.0, -0.0]","[0.0, 0.0]",[0.0067 0.0008],0.1660594690339372
259,[0. 0.],[0. 0.],"[0.0, -0.0]","[0.0, 0.0]",[0.0067 0.0008],0.1660594690339372
260,[0. 0.],[0. 0.],"[0.0, -0.0]","[0.0, 0.0]",[0.0067 0.0008],0.16758325963815018
261,[0. 0.],[0. 0.],"[0.0, -0.0]","[0.0, 0.0]",[0.0067 0.0008],0.16758325963815018
262,[0. 0.],[0. 0.],"[0.0, -0.0]","[0.0, 0.0]",[0.0067 0.0008],0.16758325963815018
263,[0. 0.],[0. 0.],"[0.0, -0.0]","[0.0, 0.0]",[0.0067 0.0008],0.16758325963815018
264,[0. 0.],[0. 0.],"[0.0, -0.0]","[0.0, 0.0]",[0.0067 0.0008],0.17033865122530362
265,[0. 0.],[0. 0.],"[0.0, -0.0]","[0.0, 0.0]",[0.0067 0.0008],0.17033865122530362
266,[0. 0.],[0. 0.],"[0.0, -0.0]","[0.0, 0.0]",[0.0067 0.0008],0.17033865122530362
267,[0. 0.],[0. 0.],"[0.0, -0.0]","[0.0, 0.0]",[0.0067 0.0008],0.17033865122530362
268,[0. 0.],[0. 0.],"[0.0, -0.0]","[0.0, 0.0]",[0.0067 0.0008],0.17033865122530362
269,[0. 0.],[0. 0.],"[0.0, -0.0]","[0.0, 0.0]",[0.0067 0.0008],0.17755906891178502
270,[0. 0.],[0. 0.],"[0.0, -0.0]","[0.0, 0.0]",[0.0067 0.0008],0.17755906891178502
271,[0. 0.],[0. 0.],"[0.0, -0.0]","[0.0, 0.0]",[0.0067 0.0008],0.17755906891178502
272,[0. 0.],[0. 0.],"[0.0, -0.0]","[0.0, 0.0]",[0.0067 0.0008],0.17755906891178502
273,[0. 0.],[0. 0.],"[0.0, -0.0]","[0.0, 0.0]",[0.0067 0.0008],0.17755906891178502
274,[0. 0.],[0. 0.],"[0.0, -0.0]","[0.0, 0.0]",[0.0067 0.0008],0.14100178614312975
275,[0. 0.],[0. 0.],"[0.0, -0.0]","[0.0, 0.0]",[0.0067 0.0008],0.14100178614312975
276,[0. 0.],[0. 0.],"[0.0, -0.0]","[0.0, 0.0]",[0.0067 0.0008],0.14100178614312975
277,[0. 0.],[0. 0.],"[0.0, -0.0]","[0.0, 0.0]",[0.0067 0.0008],0.14100178614312975
278,[0. 0.],[0. 0.],"[0.0, -0.0]","[0.0, 0.0]",[0.0067 0.0008],0.14100178614312975
279,[0. 0.],[0. 0.],"[0.0, -0.0]","[0.0, 0.0]",[0.0067 0.0008],0.14100178614312975
280,[0. 0.],[0. 0.],"[0.0, -0.0]","[0.0, 0.0]",[0.0067 0.0008],0.09043981128117798
281,[0. 0.],[0. 0.],"[0.0, -0.0]","[0.0, 0.0]",[0.0133 0.0175],0.44115281574561244
282,[0. 0.],[0. 0.],"[0.0, -0.0]","[0.0, 0.0]",[0.0133 0.0175],0.39606167766028005
283,[0. 0.],[0. 0.],"[0.0, -0.0]","[0.0, 0.0]",[0.0133 0.0175],0.39606167766028005
284,[0. 0.],[0. 0.],"[0.0, -0.0]","[0.0, 0.0]",[0.0133 0.0175],0.35283594178630534
285,[0. 0.],[0. 0.],"[0.0, -0.0]","[0.0, 0.0]",[0.0133 0.0175],0.35283594178630534
286,[0. 0.],[0. 0.],"[0.0, -0.0]","[0.0, 0.0]",[0.0133 0.0175],0.35283594178630534
287,[0. 0.],[0. 0.],"[0.0, -0.0]","[0.0, 0.0]",[0.0133 0.0175],0.35283594178630534
288,[0. 0.],[0. 0.],"[0.0, -0.0]","[0.0, 0.0]",[0.0133 0.0175],0.35283594178630534
289,[0. 0.],[0. 0.],"[0.0, -0.0]","[0.0, 0.0]",[0.0133 0.0175],0.3105027784941342
290,[0. 0.],[0. 0.],"[0.0, -0.0]","[0.0, 0.0]",[0.0133 0.0175],0.3105027784941342
291,[0. 0.],[0. 0.],"[0.0, -0.0]","[0.0, 0.0]",[0.0133 0.0175],0.3105027784941342
292,[0. 0.],[0. 0.],"[0.0, -0.0]","[0.0, 0.0]",[0.0133 0.0175],0.23084185031466553
293,[0. 0.],[0. 0.],"[0.0, -0.0]","[0.0, 0.0]",[0.0133 0.0175],0.23084185031466553
294,[0. 0.],[0. 0.],"[0.0, -0.0]","[0.0, 0.0]",[0.0133 0.0175],0.23084185031466553
295,[0. 0.],[0. 0.],"[0.0, -0.0]","[0.0, 0.0]",[0.0133 0.0175],0.15306906475292484
296,[0. 0.],[0. 0.],"[0.0, -0.0]","[0.0, 0.0]",[0.0133 0.0175],0.15306906475292484
297,[0. 0.],[0. 0.],"[0.0, -0.0]","[0.0, 0.0]",[0.0133 0.0175],0.15306906475292484
298,[0. 0.],[0. 0.],"[0.0, -0.0]","[0.0, 0.0]",[0.0133 0.0175],0.07627942093875852
299,[0. 0.],[0. 0.],"[0.0, -0.0]","[0.0, 0.0]",[0.0167 0.0208],0.3321281834608274
300,[0. 0.],[0. 0.],"[0.0, -0.0]","[0.0, 0.0]",[0.0167 0.0208],0.3321281834608274
301,[0. 0.],[0. 0.],"[0.0, -0.0]","[0.0, 0.0]",[0.0167 0.0208],0.08376814934233506
302,[0. 0.],[0. 0.],"[0.0, -0.0]","[0.0, 0.0]",[0.0167 0.0208],0.3395745796951691
303,[0. 0.],[0. 0.],"[0.0, -0.0]","[0.0, 0.0]",[0.0167 0.0208],0.12258371598959303
304,[0. 0.],[0. 0.],"[0.0, -0.0]","[0.0, 0.0]",[0.0167 0.0208],0.12258371598959303
305,[0. 0.],[0. 0.],"[0.0, -0.0]","[0.0, 0.0]",[0.0167 0.0208],0.34677809672958165
306,[0. 0.],[0. 0.],"[0.0, -0.0]","[0.0, 0.0]",[0.0167 0.0208],0.34677809672958165
307,[0. 0.],[0. 0.],"[0.0, -0.0]","[0.0, 0.0]",[0.0167 0.0208],0.32382937459489447
308,[0. 0.],[0. 0.],"[0.0, -0.0]","[0.0, 0.0]",[0.0167 0.0208],0.32382937459489447
309,[0. 0.],[0. 0.],"[0.0, -0.0]","[0.0, 0.0]",[0.0167 0.0208],0.32382937459489447
310,[0. 0.],[0. 0.],"[0.0, -0.0]","[0.0, 0.0]",[0.0167 0.0208],0.32382937459489447
311,[0. 0.],[0. 0.],"[0.0, -0.0]","[0.0, 0.0]",[0.0167 0.0208],0.310622683360507
312,[0. 0.],[0. 0.],"[0.0, -0.0]","[0.0, 0.0]",[0.0167 0.0208],0.310622683360507
313,[0. 0.],[0. 0.],"[0.0, -0.0]","[0.0, 0.0]",[0.0167 0.0208],0.310622683360507
314,[0. 0.],[0. 0.],"[0.0, -0.0]","[0.0, 0.0]",[0.0167 0.0208],0.310622683360507
315,[0. 0.],[0. 0.],"[0.0, -0.0]","[0.0, 0.0]",[0.0167 0.0208],0.2828092896021567
316,[0. 0.],[0. 0.],"[0.0, -0.0]","[0.0, 0.0]",[0.0167 0.0208],0.2828092896021567
317,[0. 0.],[0. 0.],"[0.0, -0.0]","[0.0, 0.0]",[0.0167 0.0208],0.2828092896021567
318,[0. 0.],[0. 0.],"[0.0, -0.0]","[0.0, 0.0]",[0.0167 0.0208],0.2828092896021567
319,[0. 0.],[0. 0.],"[0.0, -0.0]","[0.0, 0.0]",[0.0167 0.0208],0.2828092896021567
320,[0. 0.],[0. 0.],"[0.0, -0.0]","[0.0, 0.0]",[0.0167 0.0208],0.2391085623959996
321,[0. 0.],[0. 0.],"[0.0, -0.0]","[0.0, 0.0]",[0.0167 0.0208],0.2391085623959996
322,[0. 0.],[0. 0.],"[0.0, -0.0]","[0.0, 0.0]",[0.0167 0.0208],0.2391085623959996
323,[0. 0.],[0. 0.],"[0.0, -0.0]","[0.0, 0.0]",[0.0167 0.0208],0.2391085623959996
324,[0. 0.],[0. 0.],"[0.0, -0.0]","[0.0, 0.0]",[0.0167 0.0208],0.1166712496491161
325,[0. 0.],[0. 0.],"[0.0, -0.0]","[0.0, 0.0]",[0.0233 0.0208],0.47732114019632155
326,[0. 0.],[0. 0.],"[0.0, -0.0]","[0.0, 0.0]",[0.0233 0.0208],0.47732114019632155
327,[0. 0.],[0. 0.],"[0.0, -0.0]","[0.0, 0.0]",[0.0233 0.0208],0.47732114019632155
328,[0. 0.],[0. 0.],"[0.0, -0.0]","[0.0, 0.0]",[0.0233 0.0208],0.47732114019632155
329,[0. 0.],[0. 0.],"[0.0, -0.0]","[0.0, 0.0]",[0.0233 0.0208],0.47732114019632155
330,[0. 0.],[0. 0.],"[0.0, -0.0]","[0.0, 0.0]",[0.0233 0.0208],0.10755557255593468
331,[0. 0.],[0. 0.],"[0.0, -0.0]","[0.0, 0.0]",[0.0233 0.0208],0.10755557255593468
332,[0. 0.],[0. 0.],"[0.0, -0.0]","[0.0, 0.0]",[0.0233 0.0208],0.4288114200477857
333,[0. 0.],[0. 0.],"[0.0, -0.0]","[0.0, 0.0]",[0.0233 0.0208],0.4288114200477857
334,[0. 0.],[0. 0.],"[0.0, -0.0]","[0.0, 0.0]",[0.0233 0.0208],0.4288114200477857
335,[0. 0.],[0. 0.],"[0.0, -0.0]","[0.0, 0.0]",[0.0233 0.0208],0.13141012002699654
336,[0. 0.],[0. 0.],"[0.0, -0.0]","[0.0, 0.0]",[0.0233 0.0208],0.37423881046642404
337,[0. 0.],[0. 0.],"[0.0, -0.0]","[0.0, 0.0]",[0.0233 0.0208],0.37423881046642404
338,[0. 0.],[0. 0.],"[0.0, -0.0]","[0.0, 0.0]",[0.0233 0.0208],0.3198548792371098
339,[0. 0.],[0. 0.],"[0.0, -0.0]","[0.0, 0.0]",[0.0233 0.0208],0.3198548792371098
340,[0. 0.],[0. 0.],"[0.0, -0.0]","[0.0, 0.0]",[0.0233 0.0208],0.3198548792371098
341,[0. 0.],[0. 0.],"[0.0, -0.0]","[0.0, 0.0]",[0.0233 0.0208],0.3198548792371098
342,[0. 0.],[0. 0.],"[0.0, -0.0]","[0.0, 0.0]",[0.0233 0.0208],0.3198548792371098
343,[0. 0.],[0. 0.],"[0.0, -0.0]","[0.0, 0.0]",[0.0233 0.0208],0.2265898229283018
344,[0. 0.],[0. 0.],"[0.0, -0.0]","[0.0, 0.0]",[0.0233 0.0208],0.2265898229283018
345,[0. 0.],[0. 0.],"[0.0, -0.0]","[0.0, 0.0]",[0.0233 0.0208],0.2265898229283018
346,[0. 0.],[0. 0.],"[0.0, -0.0]","[0.0, 0.0]",[0.0233 0.0208],0.2265898229283018
347,[0. 0.],[0. 0.],"[0.0, -0.0]","[0.0, 0.0]",[0.0233 0.0208],0.2265898229283018
348,[0. 0.],[0. 0.],"[0.0, -0.0]","[0.0, 0.0]",[0.0233 0.0208],0.2265898229283018
349,[0. 0.],[0. 0.],"[0.0, -0.0]","[0.0, 0.0]",[0.0233 0.0208],0.0943788730252493
350,[0. 0.],[0. 0.],"[0.0, -0.0]","[0.0, 0.0]",[0.0267 0.0175],0.33896004091898624
351,[0. 0.],[0. 0.],"[0.0, -0.0]","[0.0, 0.0]",[0.0267 0.0175],0.33896004091898624
352,[0. 0.],[0. 0.],"[0.0, -0.0]","[0.0, 0.0]",[0.0267 0.0175],0.33896004091898624
353,[0. 0.],[0. 0.],"[0.0, -0.0]","[0.0, 0.0]",[0.0267 0.0175],0.03604782689885927
354,[0. 0.],[0. 0.],"[0.0, -0.0]","[0.0, 0.0]",[0.0267 0.0175],0.2794388058047388
355,[0. 0.],[0. 0.],"[0.0, -0.0]","[0.0, 0.0]",[0.0267 0.0175],0.020342718717907687
356,[0. 0.],[0. 0.],"[0.0, -0.0]","[0.0, 0.0]",[0.0267 0.0175],0.020342718717907687
357,[0. 0.],[0. 0.],"[0.0, -0.0]","[0.0, 0.0]",[0.0267 0.0175],0.17636844673752164
358,[0. 0.],[0. 0.],"[0.0, -0.0]","[0.0, 0.0]",[0.0267 0.0175],0.17636844673752164
359,[0. 0.],[0. 0.],"[0.0, -0.0]","[0.0, 0.0]",[0.0267 0.0175],0.017694953060521518
360,[0. 0.],[0. 0.],"[0.0, -0.0]","[0.0, 0.0]",[0.0267 0.0175],0.08893124525935492
361,[0. 0.],[0. 0.],"[0.0, -0.0]","[0.0, 0.0]",[0.0267 0.0141],0.5945765022173036
362,[0. 0.],[0. 0.],"[0.0, -0.0]","[0.0, 0.0]",[0.0267 0.0141],0.390876329682529
363,[0. 0.],[0. 0.],"[0.0, -0.0]","[0.0, 0.0]",[0.0267 0.0141],0.01723165264260867
364,[0. 0.],[0. 0.],"[0.0, -0.0]","[0.0, 0.0]",[0.0267 0.0141],0.01723165264260867
365,[0. 0.],[0. 0.],"[0.0, -0.0]","[0.0, 0.0]",[0.0267 0.0141],0.4422163935745318
366,[0. 0.],[0. 0.],"[0.0, -0.0]","[0.0, 0.0]",[0.0267 0.0141],0.4422163935745318
367,[0. 0.],[0. 0.],"[0.0, -0.0]","[0.0, 0.0]",[0.0267 0.0141],0.2751023093691029
368,[0. 0.],[0. 0.],"[0.0, -0.0]","[0.0, 0.0]",[0.0267 0.0141],0.018351377912798603
369,[0. 0.],[0. 0.],"[0.0, -0.0]","[0.0, 0.0]",[0.0267 0.0141],0.32514514058715693
370,[0. 0.],[0. 0.],"[0.0, -0.0]","[0.0, 0.0]",[0.0267 0.0141],0.32514514058715693
371,[0. 0.],[0. 0.],"[0.0, -0.0]","[0.0, 0.0]",[0.0267 0.0141],0.19788178553573077
372,[0. 0.],[0. 0.],"[0.0, -0.0]","[0.0, 0.0]",[0.0267 0.0141],0.19788178553573077
373,[0. 0.],[0. 0.],"[0.0, -0.0]","[0.0, 0.0]",[0.0267 0.0141],0.2056865920192219
374,[0. 0.],[0. 0.],"[0.0, -0.0]","[0.0, 0.0]",[0.0267 0.0141],0.2056865920192219
375,[0. 0.],[0. 0.],"[0.0, -0.0]","[0.0, 0.0]",[0.0267 0.0141],0.11830756316223083
376,[0. 0.],[0. 0.],"[0.0, -0.0]","[0.0, 0.0]",[0.0267 0.0141],0.08383603502788001
377,[0. 0.],[0. 0.],"[0.0, -0.0]","[0.0, 0.0]",[0.0267 0.0141],0.08383603502788001
378,[0. 0.],[0. 0.],"[0.0, -0.0]","[0.0, 0.0]",[0.0267 0.0141],0.08383603502788001
379,[0. 0.],[0. 0.],"[0.0, -0.0]","[0.0, 0.0]",[0.0267 0.0141],0.03637605184733596
380,[0. 0.],[0. 0.],"[0.0, -0.0]","[0.0, 0.0]",[0.0267 0.0141],0.0011672699621067574
381,[0. 0.],[0. 0.],"[0.0, -0.0]","[0.0, 0.0]",[0.0233 0.0108],0.34167323217850454
382,[0. 0.],[0. 0.],"[0.0, -0.0]","[0.0, 0.0]",[0.0233 0.0108],0.34167323217850454
383,[0. 0.],[0. 0.],"[0.0, -0.0]","[0.0, 0.0]",[0.0233 0.0108],0.0276623609455455
384,[0. 0.],[0. 0.],"[0.0, -0.0]","[0.0, 0.0]",[0.0233 0.0108],0.0276623609455455
385,[0. 0.],[0. 0.],"[0.0, -0.0]","[0.0, 0.0]",[0.0233 0.0108],0.0276623609455455
386,[0. 0.],[0. 0.],"[0.0, -0.0]","[0.0, 0.0]",[0.0233 0.0108],0.26630095773272183
387,[0. 0.],[0. 0.],"[0.0, -0.0]","[0.0, 0.0]",[0.0233 0.0108],0.07746692368097545
388,[0. 0.],[0. 0.],"[0.0, -0.0]","[0.0, 0.0]",[0.0233 0.0108],0.18096883478513
389,[0. 0.],[0. 0.],"[0.0, -0.0]","[0.0, 0.0]",[0.0233 0.0108],0.18096883478513
390,[0. 0.],[0. 0.],"[0.0, -0.0]","[0.0, 0.0]",[0.0233 0.0108],0.18096883478513
391,[0. 0.],[0. 0.],"[0.0, -0.0]","[0.0, 0.0]",[0.0233 0.0108],0.1294138794979069
392,[0. 0.],[0. 0.],"[0.0, -0.0]","[0.0, 0.0]",[0.0233 0.0108],0.1294138794979069
393,[0. 0.],[0. 0.],"[0.0, -0.0]","[0.0, 0.0]",[0.0233 0.0108],0.1294138794979069
394,[0. 0.],[0. 0.],"[0.0, -0.0]","[0.0, 0.0]",[0.0233 0.0108],0.15060796424613832
395,[0. 0.],[0. 0.],"[0.0, -0.0]","[0.0, 0.0]",[0.0233 0.0108],0.15060796424613832
396,[0. 0.],[0. 0.],"[0.0, -0.0]","[0.0, 0.0]",[0.0233 0.0108],0.15060796424613832
397,[0. 0.],[0. 0.],"[0.0, -0.0]","[0.0, 0.0]",[0.0233 0.0108],0.15060796424613832
398,[0. 0.],[0. 0.],"[0.0, -0.0]","[0.0, 0.0]",[0.0233 0.0108],0.13977548291869632
399,[0. 0.],[0. 0.],"[0.0, -0.0]","[0.0, 0.0]",[0.0233 0.0108],0.13977548291869632
400,[0. 0.],[0. 0.],"[0.0, -0.0]","[0.0, 0.0]",[0.0233 0.0108],0.13977548291869632
401,[0. 0.],[0. 0.],"[0.0, -0.0]","[0.0, 0.0]",[0.0233 0.0108],0.15585681594440687
402,[0. 0.],[0. 0.],"[0.0, -0.0]","[0.0, 0.0]",[0.0233 0.0108],0.15585681594440687
403,[0. 0.],[0. 0.],"[0.0, -0.0]","[0.0, 0.0]",[0.0233 0.0108],0.15585681594440687
404,[0. 0.],[0. 0.],"[0.0, -0.0]","[0.0, 0.0]",[0.0233 0.0108],0.15585681594440687
405,[0. 0.],[0. 0.],"[0.0, -0.0]","[0.0, 0.0]",[0.0233 0.0108],0.15578252113063532
406,[0. 0.],[0. 0.],"[0.0, -0.0]","[0.0, 0.0]",[0.0233 0.0108],0.15578252113063532
407,[0. 0.],[0. 0.],"[0.0, -0.0]","[0.0, 0.0]",[0.0233 0.0108],0.15578252113063532
408,[0. 0.],[0. 0.],"[0.0, -0.0]","[0.0, 0.0]",[0.0233 0.0108],0.15578252113063532
409,[0. 0.],[0. 0.],"[0.0, -0.0]","[0.0, 0.0]",[0.0233 0.0108],0.15578252113063532
410,[0. 0.],[0. 0.],"[0.0, -0.0]","[0.0, 0.0]",[0.0233 0.0108],0.07497729797960317
411,[0. 0.],[0. 0.],"[0.0, -0.0]","[0.0, 0.0]",[0.0167 0.0108],0.2628387114064263
412,[0. 0.],[0. 0.],"[0.0, -0.0]","[0.0, 0.0]",[0.0167 0.0108],0.2628387114064263
413,[0. 0.],[0. 0.],"[0.0, -0.0]","[0.0, 0.0]",[0.0167 0.0108],0.2628387114064263
414,[0. 0.],[0. 0.],"[0.0, -0.0]","[0.0, 0.0]",[0.0167 0.0108],0.052808682350722023
415,[0. 0.],[0. 0.],"[0.0, -0.0]","[0.0, 0.0]",[0.0167 0.0108],0.052808682350722023
416,[0. 0.],[0. 0.],"[0.0, -0.0]","[0.0, 0.0]",[0.0167 0.0108],0.23556684830903132
417,[0. 0.],[0. 0.],"[0.0, -0.0]","[0.0, 0.0]",[0.0167 0.0108],0.23556684830903132
418,[0. 0.],[0. 0.],"[0.0, -0.0]","[0.0, 0.0]",[0.0167 0.0108],0.23556684830903132
419,[0. 0.],[0. 0.],"[0.0, -0.0]","[0.0, 0.0]",[0.0167 0.0108],0.22260828269962532
420,[0. 0.],[0. 0.],"[0.0, -0.0]","[0.0, 0.0]",[0.0167 0.0108],0.22260828269962532
421,[0. 0.],[0. 0.],"[0.0, -0.0]","[0.0, 0.0]",[0.0167 0.0108],0.22260828269962532
422,[0. 0.],[0. 0.],"[0.0, -0.0]","[0.0, 0.0]",[0.0167 0.0108],0.22260828269962532
423,[0. 0.],[0. 0.],"[0.0, -0.0]","[0.0, 0.0]",[0.0167 0.0108],0.20051137207282677
424,[0. 0.],[0. 0.],"[0.0, -0.0]","[0.0, 0.0]",[0.0167 0.0108],0.20051137207282677
425,[0. 0.],[0. 0.],"[0.0, -0.0]","[0.0, 0.0]",[0.0167 0.0108],0.20051137207282677
426,[0. 0.],[0. 0.],"[0.0, -0.0]","[0.0, 0.0]",[0.0167 0.0108],0.14010164686116305
427,[0. 0.],[0. 0.],"[0.0, -0.0]","[0.0, 0.0]",[0.0167 0.0108],0.14010164686116305
428,[0. 0.],[0. 0.],"[0.0, -0.0]","[0.0, 0.0]",[0.0167 0.0108],0.14010164686116305
429,[0. 0.],[0. 0.],"[0.0, -0.0]","[0.0, 0.0]",[0.0167 0.0108],0.14010164686116305
430,[0. 0.],[0. 0.],"[0.0, -0.0]","[0.0, 0.0]",[0.0167 0.0108],0.14010164686116305
431,[0. 0.],[0. 0.],"[0.0, -0.0]","[0.0, 0.0]",[0.0167 0.0108],0.08288826790644457
432,[0. 0.],[0. 0.],"[0.0, -0.0]","[0.0, 0.0]",[0.0133 0.0075],0.43335710836389824
433,[0. 0.],[0. 0.],"[0.0, -0.0]","[0.0, 0.0]",[0.0133 0.0075],0.43335710836389824
434,[0. 0.],[0. 0.],"[0.0, -0.0]","[0.0, 0.0]",[0.0133 0.0075],0.43335710836389824
435,[0. 0.],[0. 0.],"[0.0, -0.0]","[0.0, 0.0]",[0.0133 0.0075],0.43335710836389824
436,[0. 0.],[0. 0.],"[0.0, -0.0]","[0.0, 0.0]",[0.0133 0.0075],0.43335710836389824
437,[0. 0.],[0. 0.],"[0.0, -0.0]","[0.0, 0.0]",[0.0133 0.0075],0.0818717831335726
438,[0. 0.],[0. 0.],"[0.0, -0.0]","[0.0, 0.0]",[0.0133 0.0075],0.0818717831335726
439,[0. 0.],[0. 0.],"[0.0, -0.0]","[0.0, 0.0]",[0.0133 0.0075],0.4120929246984786
440,[0. 0.],[0. 0.],"[0.0, -0.0]","[0.0, 0.0]",[0.0133 0.0075],0.4120929246984786
441,[0. 0.],[0. 0.],"[0.0, -0.0]","[0.0, 0.0]",[0.0133 0.0075],0.10924953703340089
442,[0. 0.],[0. 0.],"[0.0, -0.0]","[0.0, 0.0]",[0.0133 0.0075],0.10924953703340089
443,[0. 0.],[0. 0.],"[0.0, -0.0]","[0.0, 0.0]",[0.0133 0.0075],0.10924953703340089
444,[0. 0.],[0. 0.],"[0.0, -0.0]","[0.0, 0.0]",[0.0133 0.0075],0.1303824057246085
445,[0. 0.],[0. 0.],"[0.0, -0.0]","[0.0, 0.0]",[0.0133 0.0075],0.1303824057246085
446,[0. 0.],[0. 0.],"[0.0, -0.0]","[0.0, 0.0]",[0.0133 0.0075],0.1303824057246085
447,[0. 0.],[0. 0.],"[0.0, -0.0]","[0.0, 0.0]",[0.0133 0.0075],0.16322749815572518
448,[0. 0.],[0. 0.],"[0.0, -0.0]","[0.0, 0.0]",[0.0133 0.0075],0.16322749815572518
449,[0. 0.],[0. 0.],"[0.0, -0.0]","[0.0, 0.0]",[0.0133 0.0075],0.16322749815572518
450,[0. 0.],[0. 0.],"[0.0, -0.0]","[0.0, 0.0]",[0.0133 0.0075],0.16322749815572518
451,[0. 0.],[0. 0.],"[0.0, -0.0]","[0.0, 0.0]",[0.0133 0.0075],0.1832833005971507
452,[0. 0.],[0. 0.],"[0.0, -0.0]","[0.0, 0.0]",[0.0133 0.0075],0.1832833005971507
453,[0. 0.],[0. 0.],"[0.0, -0.0]","[0.0, 0.0]",[0.0133 0.0075],0.1832833005971507
454,[0. 0.],[0. 0.],"[0.0, -0.0]","[0.0, 0.0]",[0.0133 0.0075],0.16619440866058077
455,[0. 0.],[0. 0.],"[0.0, -0.0]","[0.0, 0.0]",[0.0133 0.0075],0.16619440866058077
456,[0. 0.],[0. 0.],"[0.0, -0.0]","[0.0, 0.0]",[0.0133 0.0075],0.16619440866058077
457,[0. 0.],[0. 0.],"[0.0, -0.0]","[0.0, 0.0]",[0.0133 0.0075],0.16619440866058077
458,[0. 0.],[0. 0.],"[0.0, -0.0]","[0.0, 0.0]",[0.0133 0.0075],0.16619440866058077
459,[0. 0.],[0. 0.],"[0.0, -0.0]","[0.0, 0.0]",[0.0133 0.0075],0.1364921008242155
460,[0. 0.],[0. 0.],"[0.0, -0.0]","[0.0, 0.0]",[0.0133 0.0075],0.1364921008242155
461,[0. 0.],[0. 0.],"[0.0, -0.0]","[0.0, 0.0]",[0.0133 0.0075],0.1364921008242155
462,[0. 0.],[0. 0.],"[0.0, -0.0]","[0.0, 0.0]",[0.0133 0.0075],0.08950437396901094
463,[0. 0.],[0. 0.],"[0.0, -0.0]","[0.0, 0.0]",[0.0133 0.0008],0.5069567686736149
464,[0. 0.],[0. 0.],"[0.0, -0.0]","[0.0, 0.0]",[0.0133 0.0008],0.5069567686736149
465,[0. 0.],[0. 0.],"[0.0, -0.0]","[0.0, 0.0]",[0.0133 0.0008],0.07781184850797439
466,[0. 0.],[0. 0.],"[0.0, -0.0]","[0.0, 0.0]",[0.0133 0.0008],0.07781184850797439
467,[0. 0.],[0. 0.],"[0.0, -0.0]","[0.0, 0.0]",[0.0133 0.0008],0.07781184850797439
468,[0. 0.],[0. 0.],"[0.0, -0.0]","[0.0, 0.0]",[0.0133 0.0008],0.0767918763167017
469,[0. 0.],[0. 0.],"[0.0, -0.0]","[0.0, 0.0]",[0.0133 0.0008],0.0767918763167017
470,[0. 0.],[0. 0.],"[0.0, -0.0]","[0.0, 0.0]",[0.0133 0.0008],0.0767918763167017
471,[0. 0.],[0. 0.],"[0.0, -0.0]","[0.0, 0.0]",[0.0133 0.0008],0.0767918763167017
472,[0. 0.],[0. 0.],"[0.0, -0.0]","[0.0, 0.0]",[0.0133 0.0008],0.07426335319165103
473,[0. 0.],[0. 0.],"[0.0, -0.0]","[0.0, 0.0]",[0.0133 0.0008],0.07426335319165103
474,[0. 0.],[0. 0.],"[0.0, -0.0]","[0.0, 0.0]",[0.0133 0.0008],0.07426335319165103
475,[0. 0.],[0. 0.],"[0.0, -0.0]","[0.0, 0.0]",[0.0133 0.0008],0.07426335319165103
476,[0. 0.],[0. 0.],"[0.0, -0.0]","[0.0, 0.0]",[0.0133 0.0008],0.06972458490592422
477,[0. 0.],[0. 0.],"[0.0, -0.0]","[0.0, 0.0]",[0.0133 0.0008],0.06972458490592422
478,[0. 0.],[0. 0.],"[0.0, -0.0]","[0.0, 0.0]",[0.0133 0.0008],0.06972458490592422
479,[0. 0.],[0. 0.],"[0.0, -0.0]","[0.0, 0.0]",[0.0133 0.0008],0.06415454721458211
480,[0. 0.],[0. 0.],"[0.0, -0.0]","[0.0, 0.0]",[0.0133 0.0008],0.06415454721458211
481,[0. 0.],[0. 0.],"[0.0, -0.0]","[0.0, 0.0]",[0.0133 0.0008],0.06415454721458211
482,[0. 0.],[0. 0.],"[0.0, -0.0]","[0.0, 0.0]",[0.0133 0.0008],0.048380835465093155
483,[0. 0.],[0. 0.],"[0.0, -0.0]","[0.0, 0.0]",[0.0133 0.0008],0.048380835465093155
484,[0. 0.],[0. 0.],"[0.0, -0.0]","[0.0, 0.0]",[0.0133 0.0008],0.048380835465093155
485,[0. 0.],[0. 0.],"[0.0, -0.0]","[0.0, 0.0]",[0.0133 0.0008],0.048380835465093155
486,[0. 0.],[0. 0.],"[0.0, -0.0]","[0.0, 0.0]",[0.0133 0.0008],0.04791326515338028
487,[0. 0.],[0. 0.],"[0.0, -0.0]","[0.0, 0.0]",[0.0133 0.0008],0.04791326515338028
488,[0. 0.],[0. 0.],"[0.0, -0.0]","[0.0, 0.0]",[0.0133 0.0008],0.04791326515338028
489,[0. 0.],[0. 0.],"[0.0, -0.0]","[0.0, 0.0]",[0.0133 0.0008],0.03777793873119316
490,[0. 0.],[0. 0.],"[0.0, -0.0]","[0.0, 0.0]",[0.0133 0.0008],0.03777793873119316
491,[0. 0.],[0. 0.],"[0.0, -0.0]","[0.0, 0.0]",[0.0133 0.0008],0.03777793873119316
492,[0. 0.],[0. 0.],"[0.0, -0.0]","[0.0, 0.0]",[0.0133 0.0008],0.03777793873119316
493,[0. 0.],[0. 0.],"[0.0, -0.0]","[0.0, 0.0]",[0.0133 0.0008],0.03777793873119316
494,[0. 0.],[0. 0.],"[0.0, -0.0]","[0.0, 0.0]",[0.0133 0.0008],0.03777793873119316
495,[0. 0.],[0. 0.],"[0.0, -0.0]","[0.0, 0.0]",[0.0133 0.0008],0.025525500266508
496,[0. 0.],[0. 0.],"[0.0, -0.0]","[0.0, 0.0]",[0.0133 0.0008],0.025525500266508
497,[0. 0.],[0. 0.],"[0.0, -0.0]","[0.0, 0.0]",[0.0133 0.0008],0.025525500266508
498,[0. 0.],[0. 0.],"[0.0, -0.0]","[0.0, 0.0]",[0.0133 0.0008],0.025525500266508
499,[0. 0.],[0. 0.],"[0.0, -0.0]","[0.0, 0.0]",[0.0133 0.0008],0.025525500266508
500,[0. 0.],[0. 0.],"[0.0, -0.0]","[0.0, 0.0]",[0.0133 0.0008],0.01233126862420586
501,[0. 0.],[0. 0.],"[0.0, -0.0]","[0.0, 0.0]",[0.0133 0.0008],0.01233126862420586
502,[0. 0.],[0. 0.],"[0.0, -0.0]","[0.0, 0.0]",[0.0133 0.0008],0.01233126862420586
503,[0. 0.],[0. 0.],"[0.0, -0.0]","[0.0, 0.0]",[0.0133 0.0008],0.01233126862420586
504,[0. 0.],[0. 0.],"[0.0, -0.0]","[0.0, 0.0]",[0.0133 0.0008],0.01233126862420586
505,[0. 0.],[0. 0.],"[0.0, -0.0]","[0.0, 0.0]",[0.0133 0.0008],0.051556454871234884
506,[0. 0.],[0. 0.],"[0.0, -0.0]","[0.0, 0.0]",[0.0133 0.0008],0.051556454871234884
507,[0. 0.],[0. 0.],"[0.0, -0.0]","[0.0, 0.0]",[0.0133 0.0008],0.051556454871234884
508,[0. 0.],[0. 0.],"[0.0, -0.0]","[0.0, 0.0]",[0.0133 0.0008],0.051556454871234884
509,[0. 0.],[0. 0.],"[0.0, -0.0]","[0.0, 0.0]",[0.0133 0.0008],0.051556454871234884
510,[0. 0.],[0. 0.],"[0.0, -0.0]","[0.0, 0.0]",[0.0133 0.0008],0.09197347523390255
511,[0. 0.],[0. 0.],"[0.0, -0.0]","[0.0, 0.0]",[0.0133 0.0008],0.09197347523390255
512,[0. 0.],[0. 0.],"[0.0, -0.0]","[0.0, 0.0]",[0.0133 0.0008],0.09197347523390255
513,[0. 0.],[0. 0.],"[0.0, -0.0]","[0.0, 0.0]",[0.0133 0.0008],0.09197347523390255
514,[0. 0.],[0. 0.],"[0.0, -0.0]","[0.0, 0.0]",[0.0133 0.0008],0.09197347523390255
515,[0. 0.],[0. 0.],"[0.0, -0.0]","[0.0, 0.0]",[0.0133 0.0008],0.09197347523390255
516,[0. 0.],[0. 0.],"[0.0, -0.0]","[0.0, 0.0]",[0.0133 0.0008],0.1156847802073344
517,[0. 0.],[0. 0.],"[0.0, -0.0]","[0.0, 0.0]",[0.0133 0.0008],0.1156847802073344
518,[0. 0.],[0. 0.],"[0.0, -0.0]","[0.0, 0.0]",[0.0133 0.0008],0.1156847802073344
519,[0. 0.],[0. 0.],"[0.0, -0.0]","[0.0, 0.0]",[0.0133 0.0008],0.1156847802073344
520,[0. 0.],[0. 0.],"[0.0, -0.0]","[0.0, 0.0]",[0.0133 0.0008],0.1156847802073344
521,[0. 0.],[0. 0.],"[0.0, -0.0]","[0.0, 0.0]",[0.0133 0.0008],0.1156847802073344
522,[0. 0.],[0. 0.],"[0.0, -0.0]","[0.0, 0.0]",[0.0133 0.0008],0.1156847802073344
523,[0. 0.],[0. 0.],"[0.0, -0.0]","[0.0, 0.0]",[0.0133 0.0008],0.12398210594286073
524,[0. 0.],[0. 0.],"[0.0, -0.0]","[0.0, 0.0]",[0.0133 0.0008],0.12398210594286073
525,[0. 0.],[0. 0.],"[0.0, -0.0]","[0.0, 0.0]",[0.0133 0.0008],0.12398210594286073
526,[0. 0.],[0. 0.],"[0.0, -0.0]","[0.0, 0.0]",[0.0133 0.0008],0.12398210594286073
527,[0. 0.],[0. 0.],"[0.0, -0.0]","[0.0, 0.0]",[0.0133 0.0008],0.12398210594286073
528,[0. 0.],[0. 0.],"[0.0, -0.0]","[0.0, 0.0]",[0.0133 0.0008],0.12398210594286073
529,[0. 0.],[0. 0.],"[0.0, -0.0]","[0.0, 0.0]",[0.0133 0.0008],0.0745462332571833
530,[0. 0.],[0. 0.],"[0.0, -0.0]","[0.0, 0.0]",[0.0267 0.0008],0.2946596532952384
531,[0. 0.],[0. 0.],"[0.0, -0.0]","[0.0, 0.0]",[0.0267 0.0008],0.2506508569133415
532,[0. 0.],[0. 0.],"[0.0, -0.0]","[0.0, 0.0]",[0.0267 0.0008],0.2506508569133415
533,[0. 0.],[0. 0.],"[0.0, -0.0]","[0.0, 0.0]",[0.0267 0.0008],0.2506508569133415
534,[0. 0.],[0. 0.],"[0.0, -0.0]","[0.0, 0.0]",[0.0267 0.0008],0.2506508569133415
535,[0. 0.],[0. 0.],"[0.0, -0.0]","[0.0, 0.0]",[0.0267 0.0008],0.21042420687183186
536,[0. 0.],[0. 0.],"[0.0, -0.0]","[0.0, 0.0]",[0.0267 0.0008],0.21042420687183186
537,[0. 0.],[0. 0.],"[0.0, -0.0]","[0.0, 0.0]",[0.0267 0.0008],0.21042420687183186
538,[0. 0.],[0. 0.],"[0.0, -0.0]","[0.0, 0.0]",[0.0267 0.0008],0.21042420687183186
539,[0. 0.],[0. 0.],"[0.0, -0.0]","[0.0, 0.0]",[0.0267 0.0008],0.17233869946856756
540,[0. 0.],[0. 0.],"[0.0, -0.0]","[0.0, 0.0]",[0.0267 0.0008],0.17233869946856756
541,[0. 0.],[0. 0.],"[0.0, -0.0]","[0.0, 0.0]",[0.0267 0.0008],0.17233869946856756
542,[0. 0.],[0. 0.],"[0.0, -0.0]","[0.0, 0.0]",[0.0267 0.0008],0.17233869946856756
543,[0. 0.],[0. 0.],"[0.0, -0.0]","[0.0, 0.0]",[0.0267 0.0008],0.12971906988127735
544,[0. 0.],[0. 0.],"[0.0, -0.0]","[0.0, 0.0]",[0.0267 0.0008],0.12971906988127735
545,[0. 0.],[0. 0.],"[0.0, -0.0]","[0.0, 0.0]",[0.0267 0.0008],0.12971906988127735
546,[0. 0.],[0. 0.],"[0.0, -0.0]","[0.0, 0.0]",[0.0267 0.0008],0.089280376509279
547,[0. 0.],[0. 0.],"[0.0, -0.0]","[0.0, 0.0]",[0.0267 0.0008],0.089280376509279
548,[0. 0.],[0. 0.],"[0.0, -0.0]","[0.0, 0.0]",[0.0267 0.0008],0.089280376509279
549,[0. 0.],[0. 0.],"[0.0, -0.0]","[0.0, 0.0]",[0.0267 0.0008],0.089280376509279
550,[0. 0.],[0. 0.],"[0.0, -0.0]","[0.0, 0.0]",[0.0267 0.0008],0.06916861437126381
551,[0. 0.],[0. 0.],"[0.0, -0.0]","[0.0, 0.0]",[0.0267 0.0008],0.06916861437126381
552,[0. 0.],[0. 0.],"[0.0, -0.0]","[0.0, 0.0]",[0.0267 0.0008],0.06916861437126381
553,[0. 0.],[0. 0.],"[0.0, -0.0]","[0.0, 0.0]",[0.0267 0.0008],0.06916861437126381
554,[0. 0.],[0. 0.],"[0.0, -0.0]","[0.0, 0.0]",[0.0267 0.0008],0.06916861437126381
555,[0. 0.],[0. 0.],"[0.0, -0.0]","[0.0, 0.0]",[0.0267 0.0008],0.059586462418743415
556,[0. 0.],[0. 0.],"[0.0, -0.0]","[0.0, 0.0]",[0.0267 0.0008],0.059586462418743415
557,[0. 0.],[0. 0.],"[0.0, -0.0]","[0.0, 0.0]",[0.0267 0.0008],0.059586462418743415
558,[0. 0.],[0. 0.],"[0.0, -0.0]","[0.0, 0.0]",[0.0267 0.0008],0.059586462418743415
559,[0. 0.],[0. 0.],"[0.0, -0.0]","[0.0, 0.0]",[0.0267 0.0008],0.059586462418743415
560,[0. 0.],[0. 0.],"[0.0, -0.0]","[0.0, 0.0]",[0.0267 0.0008],0.04886048858572653
561,[0. 0.],[0. 0.],"[0.0, -0.0]","[0.0, 0.0]",[0.0267 0.0008],0.04886048858572653
562,[0. 0.],[0. 0.],"[0.0, -0.0]","[0.0, 0.0]",[0.0267 0.0008],0.04886048858572653
563,[0. 0.],[0. 0.],"[0.0, -0.0]","[0.0, 0.0]",[0.0267 0.0008],0.04886048858572653
564,[0. 0.],[0. 0.],"[0.0, -0.0]","[0.0, 0.0]",[0.0267 0.0008],0.03354410965892207
565,[0. 0.],[0. 0.],"[0.0, -0.0]","[0.0, 0.0]",[0.0267 0.0008],0.03354410965892207
566,[0. 0.],[0. 0.],"[0.0, -0.0]","[0.0, 0.0]",[0.0267 0.0008],0.03354410965892207
567,[0. 0.],[0. 0.],"[0.0, -0.0]","[0.0, 0.0]",[0.0267 0.0008],0.03354410965892207
568,[0. 0.],[0. 0.],"[0.0, -0.0]","[0.0, 0.0]",[0.0267 0.0008],0.020522781590582
569,[0. 0.],[0. 0.],"[0.0, -0.0]","[0.0, 0.0]",[0.0267 0.0008],0.020522781590582
570,[0. 0.],[0. 0.],"[0.0, -0.0]","[0.0, 0.0]",[0.0267 0.0008],0.020522781590582
571,[0. 0.],[0. 0.],"[0.0, -0.0]","[0.0, 0.0]",[0.0267 0.0008],0.005423983943896038
572,[0. 0.],[0. 0.],"[0.0, -0.0]","[0.0, 0.0]",[0.0267 0.0008],0.005423983943896038
573,[0. 0.],[0. 0.],"[0.0, -0.0]","[0.0, 0.0]",[0.0267 0.0008],0.02073094246024575
574,[0. 0.],[0. 0.],"[0.0, -0.0]","[0.0, 0.0]",[0.0267 0.0008],0.02073094246024575
575,[0. 0.],[0. 0.],"[0.0, -0.0]","[0.0, 0.0]",[0.0267 0.0008],0.02073094246024575
576,[0. 0.],[0. 0.],"[0.0, -0.0]","[0.0, 0.0]",[0.0267 0.0008],0.02073094246024575
577,[0. 0.],[0. 0.],"[0.0, -0.0]","[0.0, 0.0]",[0.0267 0.0008],0.02073094246024575
578,[0. 0.],[0. 0.],"[0.0, -0.0]","[0.0, 0.0]",[0.0267 0.0008],0.04068424418840911
579,[0. 0.],[0. 0.],"[0.0, -0.0]","[0.0, 0.0]",[0.0267 0.0008],0.04068424418840911
580,[0. 0.],[0. 0.],"[0.0, -0.0]","[0.0, 0.0]",[0.0267 0.0008],0.04068424418840911
581,[0. 0.],[0. 0.],"[0.0, -0.0]","[0.0, 0.0]",[0.0267 0.0008],0.05826313114892529
582,[0. 0.],[0. 0.],"[0.0, -0.0]","[0.0, 0.0]",[0.0267 0.0008],0.05826313114892529
583,[0. 0.],[0. 0.],"[0.0, -0.0]","[0.0, 0.0]",[0.0267 0.0008],0.05826313114892529
584,[0. 0.],[0. 0.],"[0.0, -0.0]","[0.0, 0.0]",[0.0267 0.0008],0.05826313114892529
585,[0. 0.],[0. 0.],"[0.0, -0.0]","[0.0, 0.0]",[0.0267 0.0008],0.05201630615871752
586,[0. 0.],[0. 0.],"[0.0, -0.0]","[0.0, 0.0]",[0.0267 0.0008],0.05201630615871752
587,[0. 0.],[0. 0.],"[0.0, -0.0]","[0.0, 0.0]",[0.0267 0.0008],0.05201630615871752
588,[0. 0.],[0. 0.],"[0.0, -0.0]","[0.0, 0.0]",[0.0267 0.0008],0.05201630615871752
589,[0. 0.],[0. 0.],"[0.0, -0.0]","[0.0, 0.0]",[0.0267 0.0008],0.07539987489792785
590,[0. 0.],[0. 0.],"[0.0, -0.0]","[0.0, 0.0]",[0.0267 0.0008],0.07539987489792785
591,[0. 0.],[0. 0.],"[0.0, -0.0]","[0.0, 0.0]",[0.0267 0.0008],0.07539987489792785
592,[0. 0.],[0. 0.],"[0.0, -0.0]","[0.0, 0.0]",[0.0267 0.0008],0.07539987489792785
593,[0. 0.],[0. 0.],"[0.0, -0.0]","[0.0, 0.0]",[0.0267 0.0008],0.063064021886443
594,[0. 0.],[0. 0.],"[0.0, -0.0]","[0.0, 0.0]",[0.0267 0.0008],0.063064021886443
595,[0. 0.],[0. 0.],"[0.0, -0.0]","[0.0, 0.0]",[0.0267 0.0008],0.063064021886443
596,[0. 0.],[0. 0.],"[0.0, -0.0]","[0.0, 0.0]",[0.0267 0.0008],0.063064021886443
597,[0. 0.],[0. 0.],"[0.0, -0.0]","[0.0, 0.0]",[0.0267 0.0008],0.063064021886443
598,[0. 0.],[0. 0.],"[0.0, -0.0]","[0.0, 0.0]",[0.0267 0.0008],0.04101904072945344
599,[0. 0.],[0. 0.],"[0.0, -0.0]","[0.0, 0.0]",[0.0267 0.0008],0.04101904072945344
600,[0. 0.],[0. 0.],"[0.0, -0.0]","[0.0, 0.0]",[0.0267 0.0008],0.04101904072945344
601,[0. 0.],[0. 0.],"[0.0, -0.0]","[0.0, 0.0]",[0.0267 0.0008],0.04101904072945344
602,[0. 0.],[0. 0.],"[0.0, -0.0]","[0.0, 0.0]",[0.0267 0.0008],0.03914523539302189
603,[0. 0.],[0. 0.],"[0.0, -0.0]","[0.0, 0.0]",[0.0267 0.0008],0.03914523539302189
604,[0. 0.],[0. 0.],"[0.0, -0.0]","[0.0, 0.0]",[0.0267 0.0008],0.03914523539302189
605,[0. 0.],[0. 0.],"[0.0, -0.0]","[0.0, 0.0]",[0.0267 0.0008],0.01913389589401973
606,[0. 0.],[0. 0.],"[0.0, -0.0]","[0.0, 0.0]",[0.0333 0.0175],0.40388116171629374
607,[0. 0.],[0. 0.],"[0.0, -0.0]","[0.0, 0.0]",[0.0333 0.0175],0.39135105589302427
608,[0. 0.],[0. 0.],"[0.0, -0.0]","[0.0, 0.0]",[0.0333 0.0175],0.39135105589302427
609,[0. 0.],[0. 0.],"[0.0, -0.0]","[0.0, 0.0]",[0.0333 0.0175],0.39135105589302427
610,[0. 0.],[0. 0.],"[0.0, -0.0]","[0.0, 0.0]",[0.0333 0.0175],0.39135105589302427
611,[0. 0.],[0. 0.],"[0.0, -0.0]","[0.0, 0.0]",[0.0333 0.0175],0.3407915484427513
612,[0. 0.],[0. 0.],"[0.0, -0.0]","[0.0, 0.0]",[0.0333 0.0175],0.3407915484427513
613,[0. 0.],[0. 0.],"[0.0, -0.0]","[0.0, 0.0]",[0.0333 0.0175],0.3407915484427513
614,[0. 0.],[0. 0.],"[0.0, -0.0]","[0.0, 0.0]",[0.0333 0.0175],0.2916119940892827
615,[0. 0.],[0. 0.],"[0.0, -0.0]","[0.0, 0.0]",[0.0333 0.0175],0.2916119940892827
616,[0. 0.],[0. 0.],"[0.0, -0.0]","[0.0, 0.0]",[0.0333 0.0175],0.2916119940892827
617,[0. 0.],[0. 0.],"[0.0, -0.0]","[0.0, 0.0]",[0.0333 0.0175],0.24498108168310734
618,[0. 0.],[0. 0.],"[0.0, -0.0]","[0.0, 0.0]",[0.0333 0.0175],0.24498108168310734
619,[0. 0.],[0. 0.],"[0.0, -0.0]","[0.0, 0.0]",[0.0333 0.0175],0.24498108168310734
620,[0. 0.],[0. 0.],"[0.0, -0.0]","[0.0, 0.0]",[0.0333 0.0175],0.16038169475587005
621,[0. 0.],[0. 0.],"[0.0, -0.0]","[0.0, 0.0]",[0.0333 0.0175],0.16038169475587005
622,[0. 0.],[0. 0.],"[0.0, -0.0]","[0.0, 0.0]",[0.0333 0.0175],0.16038169475587005
623,[0. 0.],[0. 0.],"[0.0, -0.0]","[0.0, 0.0]",[0.0333 0.0175],0.16038169475587005
624,[0. 0.],[0. 0.],"[0.0, -0.0]","[0.0, 0.0]",[0.0333 0.0175],0.07725195914160249
625,[0. 0.],[0. 0.],"[0.0, -0.0]","[0.0, 0.0]",[0.0367 0.0208],0.37416564065866076
626,[0. 0.],[0. 0.],"[0.0, -0.0]","[0.0, 0.0]",[0.0367 0.0208],0.37416564065866076
627,[0. 0.],[0. 0.],"[0.0, -0.0]","[0.0, 0.0]",[0.0367 0.0208],0.37416564065866076
628,[0. 0.],[0. 0.],"[0.0, -0.0]","[0.0, 0.0]",[0.0367 0.0208],0.07861224290663105
629,[0. 0.],[0. 0.],"[0.0, -0.0]","[0.0, 0.0]",[0.0367 0.0208],0.07861224290663105
630,[0. 0.],[0. 0.],"[0.0, -0.0]","[0.0, 0.0]",[0.0367 0.0208],0.10743363084667404
631,[0. 0.],[0. 0.],"[0.0, -0.0]","[0.0, 0.0]",[0.0367 0.0208],0.10743363084667404
632,[0. 0.],[0. 0.],"[0.0, -0.0]","[0.0, 0.0]",[0.0367 0.0208],0.10743363084667404
633,[0. 0.],[0. 0.],"[0.0, -0.0]","[0.0, 0.0]",[0.0367 0.0208],0.10743363084667404
634,[0. 0.],[0. 0.],"[0.0, -0.0]","[0.0, 0.0]",[0.0367 0.0208],0.12375677811824956
635,[0. 0.],[0. 0.],"[0.0, -0.0]","[0.0, 0.0]",[0.0367 0.0208],0.12375677811824956
636,[0. 0.],[0. 0.],"[0.0, -0.0]","[0.0, 0.0]",[0.0367 0.0208],0.12375677811824956
637,[0. 0.],[0. 0.],"[0.0, -0.0]","[0.0, 0.0]",[0.0367 0.0208],0.15538566513983304
638,[0. 0.],[0. 0.],"[0.0, -0.0]","[0.0, 0.0]",[0.0367 0.0208],0.15538566513983304
639,[0. 0.],[0. 0.],"[0.0, -0.0]","[0.0, 0.0]",[0.0367 0.0208],0.15538566513983304
640,[0. 0.],[0. 0.],"[0.0, -0.0]","[0.0, 0.0]",[0.0367 0.0208],0.15538566513983304
641,[0. 0.],[0. 0.],"[0.0, -0.0]","[0.0, 0.0]",[0.0367 0.0208],0.17461364288381617
642,[0. 0.],[0. 0.],"[0.0, -0.0]","[0.0, 0.0]",[0.0367 0.0208],0.17461364288381617
643,[0. 0.],[0. 0.],"[0.0, -0.0]","[0.0, 0.0]",[0.0367 0.0208],0.17461364288381617
644,[0. 0.],[0. 0.],"[0.0, -0.0]","[0.0, 0.0]",[0.0367 0.0208],0.17461364288381617
645,[0. 0.],[0. 0.],"[0.0, -0.0]","[0.0, 0.0]",[0.0367 0.0208],0.17942979578721568
646,[0. 0.],[0. 0.],"[0.0, -0.0]","[0.0, 0.0]",[0.0367 0.0208],0.17942979578721568
647,[0. 0.],[0. 0.],"[0.0, -0.0]","[0.0, 0.0]",[0.0367 0.0208],0.17942979578721568
648,[0. 0.],[0. 0.],"[0.0, -0.0]","[0.0, 0.0]",[0.0367 0.0208],0.17942979578721568
649,[0. 0.],[0. 0.],"[0.0, -0.0]","[0.0, 0.0]",[0.0367 0.0208],0.17942979578721568
650,[0. 0.],[0. 0.],"[0.0, -0.0]","[0.0, 0.0]",[0.0367 0.0208],0.17942979578721568
651,[0. 0.],[0. 0.],"[0.0, -0.0]","[0.0, 0.0]",[0.0367 0.0208],0.16766352423987219
652,[0. 0.],[0. 0.],"[0.0, -0.0]","[0.0, 0.0]",[0.0367 0.0208],0.16766352423987219
653,[0. 0.],[0. 0.],"[0.0, -0.0]","[0.0, 0.0]",[0.0367 0.0208],0.16766352423987219
654,[0. 0.],[0. 0.],"[0.0, -0.0]","[0.0, 0.0]",[0.0367 0.0208],0.16766352423987219
655,[0. 0.],[0. 0.],"[0.0, -0.0]","[0.0, 0.0]",[0.0367 0.0208],0.08534296488186405
656,[0. 0.],[0. 0.],"[0.0, -0.0]","[0.0, 0.0]",[0.0433 0.0208],0.3395202292522507
657,[0. 0.],[0. 0.],"[0.0, -0.0]","[0.0, 0.0]",[0.0433 0.0208],0.3395202292522507
658,[0. 0.],[0. 0.],"[0.0, -0.0]","[0.0, 0.0]",[0.0433 0.0208],0.06607665521776336
659,[0. 0.],[0. 0.],"[0.0, -0.0]","[0.0, 0.0]",[0.0433 0.0208],0.30104571785428685
660,[0. 0.],[0. 0.],"[0.0, -0.0]","[0.0, 0.0]",[0.0433 0.0208],0.30104571785428685
661,[0. 0.],[0. 0.],"[0.0, -0.0]","[0.0, 0.0]",[0.0433 0.0208],0.07571355977468362
662,[0. 0.],[0. 0.],"[0.0, -0.0]","[0.0, 0.0]",[0.0433 0.0208],0.07571355977468362
663,[0. 0.],[0. 0.],"[0.0, -0.0]","[0.0, 0.0]",[0.0433 0.0208],0.0897599731962119
664,[0. 0.],[0. 0.],"[0.0, -0.0]","[0.0, 0.0]",[0.0433 0.0208],0.0897599731962119
665,[0. 0.],[0. 0.],"[0.0, -0.0]","[0.0, 0.0]",[0.0433 0.0208],0.0897599731962119
666,[0. 0.],[0. 0.],"[0.0, -0.0]","[0.0, 0.0]",[0.0433 0.0208],0.0897599731962119
667,[0. 0.],[0. 0.],"[0.0, -0.0]","[0.0, 0.0]",[0.0433 0.0208],0.0897599731962119
668,[0. 0.],[0. 0.],"[0.0, -0.0]","[0.0, 0.0]",[0.0433 0.0208],0.1036584394918732
669,[0. 0.],[0. 0.],"[0.0, -0.0]","[0.0, 0.0]",[0.0433 0.0208],0.1036584394918732
670,[0. 0.],[0. 0.],"[0.0, -0.0]","[0.0, 0.0]",[0.0433 0.0208],0.1036584394918732
671,[0. 0.],[0. 0.],"[0.0, -0.0]","[0.0, 0.0]",[0.0433 0.0208],0.1036584394918732
672,[0. 0.],[0. 0.],"[0.0, -0.0]","[0.0, 0.0]",[0.0433 0.0208],0.1036584394918732
673,[0. 0.],[0. 0.],"[0.0, -0.0]","[0.0, 0.0]",[0.0433 0.0208],0.07725866330232384
674,[0. 0.],[0. 0.],"[0.0, -0.0]","[0.0, 0.0]",[0.0433 0.0208],0.07725866330232384
675,[0. 0.],[0. 0.],"[0.0, -0.0]","[0.0, 0.0]",[0.0433 0.0208],0.07725866330232384
676,[0. 0.],[0. 0.],"[0.0, -0.0]","[0.0, 0.0]",[0.0433 0.0208],0.07725866330232384
677,[0. 0.],[0. 0.],"[0.0, -0.0]","[0.0, 0.0]",[0.0433 0.0208],0.03540091583595058
678,[0. 0.],[0. 0.],"[0.0, -0.0]","[0.0, 0.0]",[0.0467 0.0175],0.13795516221176002
679,[0. 0.],[0. 0.],"[0.0, -0.0]","[0.0, 0.0]",[0.0467 0.0175],0.13795516221176002
680,[0. 0.],[0. 0.],"[0.0, -0.0]","[0.0, 0.0]",[0.0467 0.0175],0.13795516221176002
681,[0. 0.],[0. 0.],"[0.0, -0.0]","[0.0, 0.0]",[0.0467 0.0175],0.13795516221176002
682,[0. 0.],[0. 0.],"[0.0, -0.0]","[0.0, 0.0]",[0.0467 0.0175],0.04413998994587387
683,[0. 0.],[0. 0.],"[0.0, -0.0]","[0.0, 0.0]",[0.0467 0.0175],0.04413998994587387
684,[0. 0.],[0. 0.],"[0.0, -0.0]","[0.0, 0.0]",[0.0467 0.0175],0.04413998994587387
685,[0. 0.],[0. 0.],"[0.0, -0.0]","[0.0, 0.0]",[0.0467 0.0175],0.12398800704803425
686,[0. 0.],[0. 0.],"[0.0, -0.0]","[0.0, 0.0]",[0.0467 0.0175],0.12398800704803425
687,[0. 0.],[0. 0.],"[0.0, -0.0]","[0.0, 0.0]",[0.0467 0.0175],0.08052169977116469
688,[0. 0.],[0. 0.],"[0.0, -0.0]","[0.0, 0.0]",[0.0467 0.0175],0.08052169977116469
689,[0. 0.],[0. 0.],"[0.0, -0.0]","[0.0, 0.0]",[0.0467 0.0175],0.08052169977116469
690,[0. 0.],[0. 0.],"[0.0, -0.0]","[0.0, 0.0]",[0.0467 0.0175],0.08052169977116469
691,[0. 0.],[0. 0.],"[0.0, -0.0]","[0.0, 0.0]",[0.0467 0.0175],0.12314499288448855
692,[0. 0.],[0. 0.],"[0.0, -0.0]","[0.0, 0.0]",[0.0467 0.0175],0.07978474014407044
693,[0. 0.],[0. 0.],"[0.0, -0.0]","[0.0, 0.0]",[0.0467 0.0175],0.07978474014407044
694,[0. 0.],[0. 0.],"[0.0, -0.0]","[0.0, 0.0]",[0.0467 0.0175],0.08906828279520856
695,[0. 0.],[0. 0.],"[0.0, -0.0]","[0.0, 0.0]",[0.0467 0.0141],0.6462491447611992
696,[0. 0.],[0. 0.],"[0.0, -0.0]","[0.0, 0.0]",[0.0467 0.0141],0.5651048073199441
697,[0. 0.],[0. 0.],"[0.0, -0.0]","[0.0, 0.0]",[0.0467 0.0141],0.5651048073199441
698,[0. 0.],[0. 0.],"[0.0, -0.0]","[0.0, 0.0]",[0.0467 0.0141],0.5651048073199441
699,[0. 0.],[0. 0.],"[0.0, -0.0]","[0.0, 0.0]",[0.0467 0.0141],0.571609988642431
700,[0. 0.],[0. 0.],"[0.0, -0.0]","[0.0, 0.0]",[0.0467 0.0141],0.49033346584251586
701,[0. 0.],[0. 0.],"[0.0, -0.0]","[0.0, 0.0]",[0.0467 0.0141],0.49033346584251586
702,[0. 0.],[0. 0.],"[0.0, -0.0]","[0.0, 0.0]",[0.0467 0.0141],0.49033346584251586
703,[0. 0.],[0. 0.],"[0.0, -0.0]","[0.0, 0.0]",[0.0467 0.0141],0.4947292362760371
704,[0. 0.],[0. 0.],"[0.0, -0.0]","[0.0, 0.0]",[0.0467 0.0141],0.4133196549816231
705,[0. 0.],[0. 0.],"[0.0, -0.0]","[0.0, 0.0]",[0.0467 0.0141],0.4133196549816231
706,[0. 0.],[0. 0.],"[0.0, -0.0]","[0.0, 0.0]",[0.0467 0.0141],0.3752972398454348
707,[0. 0.],[0. 0.],"[0.0, -0.0]","[0.0, 0.0]",[0.0467 0.0141],0.3752972398454348
708,[0. 0.],[0. 0.],"[0.0, -0.0]","[0.0, 0.0]",[0.0467 0.0141],0.3752972398454348
709,[0. 0.],[0. 0.],"[0.0, -0.0]","[0.0, 0.0]",[0.0467 0.0141],0.2540226611012122
710,[0. 0.],[0. 0.],"[0.0, -0.0]","[0.0, 0.0]",[0.0467 0.0141],0.2540226611012122
711,[0. 0.],[0. 0.],"[0.0, -0.0]","[0.0, 0.0]",[0.0467 0.0141],0.2540226611012122
712,[0. 0.],[0. 0.],"[0.0, -0.0]","[0.0, 0.0]",[0.0467 0.0141],0.13046129433996137
713,[0. 0.],[0. 0.],"[0.0, -0.0]","[0.0, 0.0]",[0.0433 0.0108],0.5727741144706429
714,[0. 0.],[0. 0.],"[0.0, -0.0]","[0.0, 0.0]",[0.0433 0.0108],0.5727741144706429
715,[0. 0.],[0. 0.],"[0.0, -0.0]","[0.0, 0.0]",[0.0433 0.0108],0.08476484945152754
716,[0. 0.],[0. 0.],"[0.0, -0.0]","[0.0, 0.0]",[0.0433 0.0108],0.08476484945152754
717,[0. 0.],[0. 0.],"[0.0, -0.0]","[0.0, 0.0]",[0.0433 0.0108],0.42725769936894853
718,[0. 0.],[0. 0.],"[0.0, -0.0]","[0.0, 0.0]",[0.0433 0.0108],0.42725769936894853
719,[0. 0.],[0. 0.],"[0.0, -0.0]","[0.0, 0.0]",[0.0433 0.0108],0.2788945014996318
720,[0. 0.],[0. 0.],"[0.0, -0.0]","[0.0, 0.0]",[0.0433 0.0108],0.2788945014996318
721,[0. 0.],[0. 0.],"[0.0, -0.0]","[0.0, 0.0]",[0.0433 0.0108],0.2788945014996318
722,[0. 0.],[0. 0.],"[0.0, -0.0]","[0.0, 0.0]",[0.0433 0.0108],0.13745137924693618
723,[0. 0.],[0. 0.],"[0.0, -0.0]","[0.0, 0.0]",[0.04   0.0108],0.13745137924693618
724,[0. 0.],[0. 0.],"[0.0, -0.0]","[0.0, 0.0]",[0.04   0.0108],0.08827948477569368
725,[0. 0.],[0. 0.],"[0.0, -0.0]","[0.0, 0.0]",[0.04   0.0108],0.08827948477569368
726,[0. 0.],[0. 0.],"[0.0, -0.0]","[0.0, 0.0]",[0.04   0.0108],0.08827948477569368
727,[0. 0.],[0. 0.],"[0.0, -0.0]","[0.0, 0.0]",[0.04   0.0108],0.08827948477569368
728,[0. 0.],[0. 0.],"[0.0, -0.0]","[0.0, 0.0]",[0.04   0.0108],0.08827948477569368
729,[0. 0.],[0. 0.],"[0.0, -0.0]","[0.0, 0.0]",[0.04   0.0108],0.05401810136894912
730,[0. 0.],[0. 0.],"[0.0, -0.0]","[0.0, 0.0]",[0.0433 0.0108],0.42821740684286264
731,[0. 0.],[0. 0.],"[0.0, -0.0]","[0.0, 0.0]",[0.0433 0.0108],0.36418501496659533
732,[0. 0.],[0. 0.],"[0.0, -0.0]","[0.0, 0.0]",[0.0433 0.0108],0.36418501496659533
733,[0. 0.],[0. 0.],"[0.0, -0.0]","[0.0, 0.0]",[0.0433 0.0108],0.36418501496659533
734,[0. 0.],[0. 0.],"[0.0, -0.0]","[0.0, 0.0]",[0.0433 0.0108],0.36418501496659533
735,[0. 0.],[0. 0.],"[0.0, -0.0]","[0.0, 0.0]",[0.0433 0.0108],0.29403694110782413
736,[0. 0.],[0. 0.],"[0.0, -0.0]","[0.0, 0.0]",[0.0433 0.0108],0.29403694110782413
737,[0. 0.],[0. 0.],"[0.0, -0.0]","[0.0, 0.0]",[0.0433 0.0108],0.29403694110782413
738,[0. 0.],[0. 0.],"[0.0, -0.0]","[0.0, 0.0]",[0.0433 0.0108],0.29403694110782413
739,[0. 0.],[0. 0.],"[0.0, -0.0]","[0.0, 0.0]",[0.0433 0.0108],0.22311480167451048
740,[0. 0.],[0. 0.],"[0.0, -0.0]","[0.0, 0.0]",[0.0433 0.0108],0.22311480167451048
741,[0. 0.],[0. 0.],"[0.0, -0.0]","[0.0, 0.0]",[0.0433 0.0108],0.22311480167451048
742,[0. 0.],[0. 0.],"[0.0, -0.0]","[0.0, 0.0]",[0.0433 0.0108],0.15389603038668204
743,[0. 0.],[0. 0.],"[0.0, -0.0]","[0.0, 0.0]",[0.0433 0.0108],0.15389603038668204
744,[0. 0.],[0. 0.],"[0.0, -0.0]","[0.0, 0.0]",[0.0433 0.0108],0.15389603038668204
745,[0. 0.],[0. 0.],"[0.0, -0.0]","[0.0, 0.0]",[0.0433 0.0108],0.15389603038668204
746,[0. 0.],[0. 0.],"[0.0, -0.0]","[0.0, 0.0]",[0.0433 0.0108],0.15389603038668204
747,[0. 0.],[0. 0.],"[0.0, -0.0]","[0.0, 0.0]",[0.0433 0.0108],0.08894297397822842
748,[0. 0.],[0. 0.],"[0.0, -0.0]","[0.0, 0.0]",[0.0467 0.0075],0.7527267791106531
749,[0. 0.],[0. 0.],"[0.0, -0.0]","[0.0, 0.0]",[0.0467 0.0075],0.7527267791106531
750,[0. 0.],[0. 0.],"[0.0, -0.0]","[0.0, 0.0]",[0.0467 0.0075],0.10066074088272564
751,[0. 0.],[0. 0.],"[0.0, -0.0]","[0.0, 0.0]",[0.0467 0.0075],0.10066074088272564
752,[0. 0.],[0. 0.],"[0.0, -0.0]","[0.0, 0.0]",[0.0467 0.0075],0.629532313792279
753,[0. 0.],[0. 0.],"[0.0, -0.0]","[0.0, 0.0]",[0.0467 0.0075],0.09865771296962283
754,[0. 0.],[0. 0.],"[0.0, -0.0]","[0.0, 0.0]",[0.0467 0.0075],0.09865771296962283
755,[0. 0.],[0. 0.],"[0.0, -0.0]","[0.0, 0.0]",[0.0467 0.0075],0.09865771296962283
756,[0. 0.],[0. 0.],"[0.0, -0.0]","[0.0, 0.0]",[0.0467 0.0075],0.12011828499333688
757,[0. 0.],[0. 0.],"[0.0, -0.0]","[0.0, 0.0]",[0.0467 0.0075],0.12011828499333688
758,[0. 0.],[0. 0.],"[0.0, -0.0]","[0.0, 0.0]",[0.0467 0.0075],0.09816568464598996
759,[0. 0.],[0. 0.],"[0.0, -0.0]","[0.0, 0.0]",[0.0467 0.0041],0.6151995204392514
760,[0. 0.],[0. 0.],"[0.0, -0.0]","[0.0, 0.0]",[0.0467 0.0041],0.6151995204392514
761,[0. 0.],[0. 0.],"[0.0, -0.0]","[0.0, 0.0]",[0.0467 0.0041],0.6151995204392514
762,[0. 0.],[0. 0.],"[0.0, -0.0]","[0.0, 0.0]",[0.0467 0.0041],0.07834892170907691
763,[0. 0.],[0. 0.],"[0.0, -0.0]","[0.0, 0.0]",[0.0467 0.0041],0.07834892170907691
764,[0. 0.],[0. 0.],"[0.0, -0.0]","[0.0, 0.0]",[0.0467 0.0041],0.5237875576033724
765,[0. 0.],[0. 0.],"[0.0, -0.0]","[0.0, 0.0]",[0.0467 0.0041],0.5237875576033724
766,[0. 0.],[0. 0.],"[0.0, -0.0]","[0.0, 0.0]",[0.0467 0.0041],0.5237875576033724
767,[0. 0.],[0. 0.],"[0.0, -0.0]","[0.0, 0.0]",[0.0467 0.0041],0.43004192899034327
768,[0. 0.],[0. 0.],"[0.0, -0.0]","[0.0, 0.0]",[0.0467 0.0041],0.43004192899034327
769,[0. 0.],[0. 0.],"[0.0, -0.0]","[0.0, 0.0]",[0.0467 0.0041],0.43004192899034327
770,[0. 0.],[0. 0.],"[0.0, -0.0]","[0.0, 0.0]",[0.0467 0.0041],0.33395739742056807
771,[0. 0.],[0. 0.],"[0.0, -0.0]","[0.0, 0.0]",[0.0467 0.0041],0.33395739742056807
772,[0. 0.],[0. 0.],"[0.0, -0.0]","[0.0, 0.0]",[0.0467 0.0041],0.33395739742056807
773,[0. 0.],[0. 0.],"[0.0, -0.0]","[0.0, 0.0]",[0.0467 0.0041],0.33395739742056807
774,[0. 0.],[0. 0.],"[0.0, -0.0]","[0.0, 0.0]",[0.0467 0.0041],0.33395739742056807
775,[0. 0.],[0. 0.],"[0.0, -0.0]","[0.0, 0.0]",[0.0467 0.0041],0.23484313423948974
776,[0. 0.],[0. 0.],"[0.0, -0.0]","[0.0, 0.0]",[0.0467 0.0041],0.23484313423948974
777,[0. 0.],[0. 0.],"[0.0, -0.0]","[0.0, 0.0]",[0.0467 0.0041],0.23484313423948974
778,[0. 0.],[0. 0.],"[0.0, -0.0]","[0.0, 0.0]",[0.0467 0.0041],0.23484313423948974
779,[0. 0.],[0. 0.],"[0.0, -0.0]","[0.0, 0.0]",[0.0467 0.0041],0.1340378441531875
780,[0. 0.],[0. 0.],"[0.0, -0.0]","[0.0, 0.0]",[0.0433 0.0008],0.5281611703478972
781,[0. 0.],[0. 0.],"[0.0, -0.0]","[0.0, 0.0]",[0.0433 0.0008],0.5281611703478972
782,[0. 0.],[0. 0.],"[0.0, -0.0]","[0.0, 0.0]",[0.0433 0.0008],0.5281611703478972
783,[0. 0.],[0. 0.],"[0.0, -0.0]","[0.0, 0.0]",[0.0433 0.0008],0.05752374490948563
784,[0. 0.],[0. 0.],"[0.0, -0.0]","[0.0, 0.0]",[0.0433 0.0008],0.05752374490948563
785,[0. 0.],[0. 0.],"[0.0, -0.0]","[0.0, 0.0]",[0.0433 0.0008],0.05752374490948563
786,[0. 0.],[0. 0.],"[0.0, -0.0]","[0.0, 0.0]",[0.0433 0.0008],0.03958683110148514
787,[0. 0.],[0. 0.],"[0.0, -0.0]","[0.0, 0.0]",[0.0433 0.0008],0.03958683110148514
788,[0. 0.],[0. 0.],"[0.0, -0.0]","[0.0, 0.0]",[0.0433 0.0008],0.03958683110148514
789,[0. 0.],[0. 0.],"[0.0, -0.0]","[0.0, 0.0]",[0.0433 0.0008],0.03958683110148514
790,[0. 0.],[0. 0.],"[0.0, -0.0]","[0.0, 0.0]",[0.0433 0.0008],0.02884661222669817
791,[0. 0.],[0. 0.],"[0.0, -0.0]","[0.0, 0.0]",[0.0433 0.0008],0.02884661222669817
792,[0. 0.],[0. 0.],"[0.0, -0.0]","[0.0, 0.0]",[0.0433 0.0008],0.02884661222669817
793,[0. 0.],[0. 0.],"[0.0, -0.0]","[0.0, 0.0]",[0.0433 0.0008],0.02884661222669817
794,[0. 0.],[0. 0.],"[0.0, -0.0]","[0.0, 0.0]",[0.0433 0.0008],0.03109281685207744
795,[0. 0.],[0. 0.],"[0.0, -0.0]","[0.0, 0.0]",[0.0433 0.0008],0.03109281685207744
796,[0. 0.],[0. 0.],"[0.0, -0.0]","[0.0, 0.0]",[0.0433 0.0008],0.03109281685207744
797,[0. 0.],[0. 0.],"[0.0, -0.0]","[0.0, 0.0]",[0.0433 0.0008],0.03109281685207744
798,[0. 0.],[0. 0.],"[0.0, -0.0]","[0.0, 0.0]",[0.0433 0.0008],0.04846271374402697
799,[0. 0.],[0. 0.],"[0.0, -0.0]","[0.0, 0.0]",[0.0433 0.0008],0.04846271374402697
800,[0. 0.],[0. 0.],"[0.0, -0.0]","[0.0, 0.0]",[0.0433 0.0008],0.04846271374402697
801,[0. 0.],[0. 0.],"[0.0, -0.0]","[0.0, 0.0]",[0.0433 0.0008],0.02405521937513973
802,[0. 0.],[0. 0.],"[0.0, -0.0]","[0.0, 0.0]",[0.0433 0.0008],0.02405521937513973
803,[0. 0.],[0. 0.],"[0.0, -0.0]","[0.0, 0.0]",[0.0433 0.0008],0.02405521937513973
804,[0. 0.],[0. 0.],"[0.0, -0.0]","[0.0, 0.0]",[0.0433 0.0008],0.02405521937513973
805,[0. 0.],[0. 0.],"[0.0, -0.0]","[0.0, 0.0]",[0.0433 0.0008],0.021625932024716136
806,[0. 0.],[0. 0.],"[0.0, -0.0]","[0.0, 0.0]",[0.0367 0.0008],0.6728297492975732
807,[0. 0.],[0. 0.],"[0.0, -0.0]","[0.0, 0.0]",[0.0367 0.0008],0.6728297492975732
808,[0. 0.],[0. 0.],"[0.0, -0.0]","[0.0, 0.0]",[0.0367 0.0008],0.026364864912652462
809,[0. 0.],[0. 0.],"[0.0, -0.0]","[0.0, 0.0]",[0.0367 0.0008],0.026364864912652462
810,[0. 0.],[0. 0.],"[0.0, -0.0]","[0.0, 0.0]",[0.0367 0.0008],0.5589776295116383
811,[0. 0.],[0. 0.],"[0.0, -0.0]","[0.0, 0.0]",[0.0367 0.0008],0.018139391145846204
812,[0. 0.],[0. 0.],"[0.0, -0.0]","[0.0, 0.0]",[0.0367 0.0008],0.018139391145846204
813,[0. 0.],[0. 0.],"[0.0, -0.0]","[0.0, 0.0]",[0.0367 0.0008],0.018139391145846204
814,[0. 0.],[0. 0.],"[0.0, -0.0]","[0.0, 0.0]",[0.0367 0.0008],0.4300407880916785
815,[0. 0.],[0. 0.],"[0.0, -0.0]","[0.0, 0.0]",[0.0367 0.0008],0.4300407880916785
816,[0. 0.],[0. 0.],"[0.0, -0.0]","[0.0, 0.0]",[0.0367 0.0008],0.023039385242448383
817,[0. 0.],[0. 0.],"[0.0, -0.0]","[0.0, 0.0]",[0.0367 0.0008],0.023039385242448383
818,[0. 0.],[0. 0.],"[0.0, -0.0]","[0.0, 0.0]",[0.0367 0.0008],0.29909235996803124
819,[0. 0.],[0. 0.],"[0.0, -0.0]","[0.0, 0.0]",[0.0367 0.0008],0.29909235996803124
820,[0. 0.],[0. 0.],"[0.0, -0.0]","[0.0, 0.0]",[0.0367 0.0008],0.1661299266733254
821,[0. 0.],[0. 0.],"[0.0, -0.0]","[0.0, 0.0]",[0.0367 0.0008],0.1661299266733254
822,[0. 0.],[0. 0.],"[0.0, -0.0]","[0.0, 0.0]",[0.0367 0.0008],0.044078196234535044
823,[0. 0.],[0. 0.],"[0.0, -0.0]","[0.0, 0.0]",[0.0333 0.0041],0.5548980110637968
824,[0. 0.],[0. 0.],"[0.0, -0.0]","[0.0, 0.0]",[0.0333 0.0041],0.5155492847001842
825,[0. 0.],[0. 0.],"[0.0, -0.0]","[0.0, 0.0]",[0.0333 0.0041],0.5155492847001842
826,[0. 0.],[0. 0.],"[0.0, -0.0]","[0.0, 0.0]",[0.0333 0.0041],0.5155492847001842
827,[0. 0.],[0. 0.],"[0.0, -0.0]","[0.0, 0.0]",[0.0333 0.0041],0.49885436804305433
828,[0. 0.],[0. 0.],"[0.0, -0.0]","[0.0, 0.0]",[0.0333 0.0041],0.49885436804305433
829,[0. 0.],[0. 0.],"[0.0, -0.0]","[0.0, 0.0]",[0.0333 0.0041],0.49885436804305433
830,[0. 0.],[0. 0.],"[0.0, -0.0]","[0.0, 0.0]",[0.0333 0.0041],0.5397442525544962
831,[0. 0.],[0. 0.],"[0.0, -0.0]","[0.0, 0.0]",[0.0333 0.0041],0.5397442525544962
832,[0. 0.],[0. 0.],"[0.0, -0.0]","[0.0, 0.0]",[0.0333 0.0041],0.5397442525544962
833,[0. 0.],[0. 0.],"[0.0, -0.0]","[0.0, 0.0]",[0.0333 0.0041],0.5705930946489014
834,[0. 0.],[0. 0.],"[0.0, -0.0]","[0.0, 0.0]",[0.0333 0.0041],0.5705930946489014
835,[0. 0.],[0. 0.],"[0.0, -0.0]","[0.0, 0.0]",[0.0333 0.0041],0.5705930946489014
836,[0. 0.],[0. 0.],"[0.0, -0.0]","[0.0, 0.0]",[0.0333 0.0041],0.6053253514154203
837,[0. 0.],[0. 0.],"[0.0, -0.0]","[0.0, 0.0]",[0.0333 0.0041],0.6053253514154203
838,[0. 0.],[0. 0.],"[0.0, -0.0]","[0.0, 0.0]",[0.0333 0.0041],0.6053253514154203
839,[0. 0.],[0. 0.],"[0.0, -0.0]","[0.0, 0.0]",[0.0333 0.0041],0.6323045452839047
840,[0. 0.],[0. 0.],"[0.0, -0.0]","[0.0, 0.0]",[0.0333 0.0041],0.6323045452839047
841,[0. 0.],[0. 0.],"[0.0, -0.0]","[0.0, 0.0]",[0.0333 0.0041],0.6323045452839047
842,[0. 0.],[0. 0.],"[0.0, -0.0]","[0.0, 0.0]",[0.0333 0.0041],0.6772701334600133
843,[0. 0.],[0. 0.],"[0.0, -0.0]","[0.0, 0.0]",[0.0333 0.0041],0.6772701334600133
844,[0. 0.],[0. 0.],"[0.0, -0.0]","[0.0, 0.0]",[0.0333 0.0041],0.7074033930924267
845,[0. 0.],[0. 0.],"[0.0, -0.0]","[0.0, 0.0]",[0.0333 0.0041],0.7074033930924267
846,[0. 0.],[0. 0.],"[0.0, -0.0]","[0.0, 0.0]",[0.0333 0.0041],0.7074033930924267
847,[0. 0.],[0. 0.],"[0.0, -0.0]","[0.0, 0.0]",[0.0333 0.0041],0.7074033930924267
848,[0. 0.],[0. 0.],"[0.0, -0.0]","[0.0, 0.0]",[0.0333 0.0041],0.7111459329960627
849,[0. 0.],[0. 0.],"[0.0, -0.0]","[0.0, 0.0]",[0.0333 0.0041],0.7111459329960627
850,[0. 0.],[0. 0.],"[0.0, -0.0]","[0.0, 0.0]",[0.0333 0.0041],0.7111459329960627
851,[0. 0.],[0. 0.],"[0.0, -0.0]","[0.0, 0.0]",[0.0333 0.0041],0.7515531044533321
852,[0. 0.],[0. 0.],"[0.0, -0.0]","[0.0, 0.0]",[0.0333 0.0041],0.7515531044533321
853,[0. 0.],[0. 0.],"[0.0, -0.0]","[0.0, 0.0]",[0.0333 0.0041],0.7515531044533321
854,[0. 0.],[0. 0.],"[0.0, -0.0]","[0.0, 0.0]",[0.0333 0.0041],0.7515531044533321
855,[0. 0.],[0. 0.],"[0.0, -0.0]","[0.0, 0.0]",[0.0333 0.0041],0.7584487028008309
856,[0. 0.],[0. 0.],"[0.0, -0.0]","[0.0, 0.0]",[0.0333 0.0041],0.7584487028008309
857,[0. 0.],[0. 0.],"[0.0, -0.0]","[0.0, 0.0]",[0.0333 0.0041],0.7584487028008309
858,[0. 0.],[0. 0.],"[0.0, -0.0]","[0.0, 0.0]",[0.0333 0.0041],0.7584487028008309
859,[0. 0.],[0. 0.],"[0.0, -0.0]","[0.0, 0.0]",[0.0333 0.0041],0.7948426405590883
860,[0. 0.],[0. 0.],"[0.0, -0.0]","[0.0, 0.0]",[0.0333 0.0041],0.7948426405590883
861,[0. 0.],[0. 0.],"[0.0, -0.0]","[0.0, 0.0]",[0.0333 0.0041],0.7948426405590883
862,[0. 0.],[0. 0.],"[0.0, -0.0]","[0.0, 0.0]",[0.0333 0.0041],0.8120547793148741
863,[0. 0.],[0. 0.],"[0.0, -0.0]","[0.0, 0.0]",[0.0333 0.0041],0.8120547793148741
864,[0. 0.],[0. 0.],"[0.0, -0.0]","[0.0, 0.0]",[0.0333 0.0041],0.8120547793148741
865,[0. 0.],[0. 0.],"[0.0, -0.0]","[0.0, 0.0]",[0.0333 0.0041],0.778284723575683
866,[0. 0.],[0. 0.],"[0.0, -0.0]","[0.0, 0.0]",[0.0333 0.0041],0.778284723575683
867,[0. 0.],[0. 0.],"[0.0, -0.0]","[0.0, 0.0]",[0.0333 0.0041],0.778284723575683
868,[0. 0.],[0. 0.],"[0.0, -0.0]","[0.0, 0.0]",[0.0333 0.0041],0.778284723575683
869,[0. 0.],[0. 0.],"[0.0, -0.0]","[0.0, 0.0]",[0.0333 0.0041],0.7407682517180351
870,[0. 0.],[0. 0.],"[0.0, -0.0]","[0.0, 0.0]",[0.0333 0.0041],0.7407682517180351
871,[0. 0.],[0. 0.],"[0.0, -0.0]","[0.0, 0.0]",[0.0333 0.0041],0.7407682517180351
872,[0. 0.],[0. 0.],"[0.0, -0.0]","[0.0, 0.0]",[0.0333 0.0041],0.7407682517180351
873,[0. 0.],[0. 0.],"[0.0, -0.0]","[0.0, 0.0]",[0.0333 0.0041],0.7170093292547594
874,[0. 0.],[0. 0.],"[0.0, -0.0]","[0.0, 0.0]",[0.0333 0.0041],0.7170093292547594
875,[0. 0.],[0. 0.],"[0.0, -0.0]","[0.0, 0.0]",[0.0333 0.0041],0.7170093292547594
876,[0. 0.],[0. 0.],"[0.0, -0.0]","[0.0, 0.0]",[0.0333 0.0041],0.7170093292547594
877,[0. 0.],[0. 0.],"[0.0, -0.0]","[0.0, 0.0]",[0.0333 0.0041],0.7170093292547594
878,[0. 0.],[0. 0.],"[0.0, -0.0]","[0.0, 0.0]",[0.0333 0.0041],0.7039730451914219
879,[0. 0.],[0. 0.],"[0.0, -0.0]","[0.0, 0.0]",[0.0333 0.0041],0.7039730451914219
880,[0. 0.],[0. 0.],"[0.0, -0.0]","[0.0, 0.0]",[0.0333 0.0041],0.7039730451914219
881,[0. 0.],[0. 0.],"[0.0, -0.0]","[0.0, 0.0]",[0.0333 0.0041],0.7039730451914219
                                                                                                                                                                                                                                                                                                                                                                                                                                                                                                                                                                                                                                                                                                                                                                                                                                                                                                                                                                                                                                                                                                                                                                                                                                                                                                                                                                                                                                                                                                                                                                                                                                                                                                                                                                                                                                                                                                                                                                                                                                                                                                                                                                                                                                                                                                                                                                                                                                                                                                                                                                                                                                                                                                                                                                                                                                                                                                                                                                                                                                                                                                                                                                                                                                                                                                                                                                                                                                                                                                                                                                                                                                                                                                                                                                                                                                                                                                                                                                                                                                                                                                                                                                                                                                                                                                                                                                                                                                                                                                                                                                                                                                                                                                                                                                                                                                                                                                                                                                                                                                                                                                                                                                                                                                                                                                                                                                                                                                                                                                                                                                                                                                                                                                                                                                                                                                                                                                                                                                                                                                                                                                                                                                                                                                                                                                                                                                                                                                                                                                                                                                                                                                                                                                                                                                                                                                                                                                                                                                                                                                                                                                                                                                                                                                                                                                                                                                                                                                                                                                                                                                                                                                                                                                                                                                                                                                                                                                                                                                                                                                                                                                                                                                                                                                                                                                                                                                                                        980,[0. 0.],[0. 0.],"[0.0, -0.0]","[0.0, 0.0]",[0.0333 0.0041],0.14531952353086675
981,[0. 0.],[0. 0.],"[0.0, -0.0]","[0.0, 0.0]",[0.0333 0.0041],0.11859542801100986
982,[0. 0.],[0. 0.],"[0.0, -0.0]","[0.0, 0.0]",[0.0333 0.0041],0.11859542801100986
983,[0. 0.],[0. 0.],"[0.0, -0.0]","[0.0, 0.0]",[0.0333 0.0041],0.11859542801100986
984,[0. 0.],[0. 0.],"[0.0, -0.0]","[0.0, 0.0]",[0.0333 0.0041],0.11859542801100986
985,[0. 0.],[0. 0.],"[0.0, -0.0]","[0.0, 0.0]",[0.0333 0.0041],0.11859542801100986
986,[0. 0.],[0. 0.],"[0.0, -0.0]","[0.0, 0.0]",[0.0333 0.0041],0.11859542801100986
987,[0. 0.],[0. 0.],"[0.0, -0.0]","[0.0, 0.0]",[0.0333 0.0041],0.11859542801100986
988,[0. 0.],[0. 0.],"[0.0, -0.0]","[0.0, 0.0]",[0.0333 0.0041],0.11859542801100986
989,[0. 0.],[0. 0.],"[0.0, -0.0]","[0.0, 0.0]",[0.0333 0.0041],0.06550587286555024
990,[0. 0.],[0. 0.],"[0.0, -0.0]","[0.0, 0.0]",[0.0333 0.0041],0.06550587286555024
991,[0. 0.],[0. 0.],"[0.0, -0.0]","[0.0, 0.0]",[0.0333 0.0041],0.06550587286555024
992,[0. 0.],[0. 0.],"[0.0, -0.0]","[0.0, 0.0]",[0.0333 0.0041],0.06550587286555024
993,[0. 0.],[0. 0.],"[0.0, -0.0]","[0.0, 0.0]",[0.0333 0.0041],0.06550587286555024
994,[0. 0.],[0. 0.],"[0.0, -0.0]","[0.0, 0.0]",[0.0333 0.0041],0.06550587286555024
995,[0. 0.],[0. 0.],"[0.0, -0.0]","[0.0, 0.0]",[0.0333 0.0041],0.06550587286555024
996,[0. 0.],[0. 0.],"[0.0, -0.0]","[0.0, 0.0]",[0.0333 0.0041],0.06550587286555024
997,[0. 0.],[0. 0.],"[0.0, -0.0]","[0.0, 0.0]",[0.0333 0.0041],0.06550587286555024
998,[0. 0.],[0. 0.],"[0.0, -0.0]","[0.0, 0.0]",[0.0333 0.0041],0.06550587286555024
999,[0. 0.],[0. 0.],"[0.0, -0.0]","[0.0, 0.0]",[0.0333 0.0041],0.04887650041370418
